country,t,outp
ABW,1990,74.69955434
ABW,1991,83.80829594
ABW,1992,91.38582313
ABW,1993,98.83609626
ABW,1994,114.1004814
ABW,1995,117.9177773
ABW,1996,130.4518083
ABW,1997,142.6839066
ABW,1998,157.3861259
ABW,1999,168.3465516
ABW,2000,163.0187179
ABW,2001,162.5611529
ABW,2002,163.1262957
ABW,2003,171.2748547
ABW,2004,196.3034715
ABW,2005,214.2417692
ABW,2006,230.7742916
ABW,2007,251.1709923
ABW,2008,270.0233845
AFG,1990,247.7355273
AFG,1991,232.0690668
AFG,1992,245.1560144
AFG,1993,192.9745432
AFG,1994,159.0928829
AFG,1995,251.4274448
AFG,1996,243.7533226
AFG,1997,235.4576145
AFG,1998,230.7857529
AFG,1999,218.4020045
AFG,2000,279.496542
AFG,2001,290.5297283
AFG,2002,332.4084194
AFG,2003,410.0913352
AFG,2004,464.7967512
AFG,2005,544.3129024
AFG,2006,653.8461457
AFG,2007,826.5458433
AFG,2008,893.5432362
AGO,1990,769.6960448
AGO,1991,909.8428691
AGO,1992,1099.064232
AGO,1993,853.0182741
AGO,1994,922.6295553
AGO,1995,520.1823261
AGO,1996,652.1319273
AGO,1997,759.6094908
AGO,1998,664.4831618
AGO,1999,688.8341773
AGO,2000,902.5186443
AGO,2001,1003.783824
AGO,2002,1160.143324
AGO,2003,1430.410388
AGO,2004,1994.64613
AGO,2005,3093.069828
AGO,2006,3826.831181
AGO,2007,5476.369335
AGO,2008,7569.539046
ALB,1990,214.218745
ALB,1991,170.9188224
ALB,1992,192.6272823
ALB,1993,207.8919391
ALB,1994,220.793522
ALB,1995,273.6102453
ALB,1996,362.6868466
ALB,1997,254.4976165
ALB,1998,301.0506792
ALB,1999,370.9825634
ALB,2000,376.2941867
ALB,2001,423.1108386
ALB,2002,469.7284555
ALB,2003,610.161168
ALB,2004,812.4575036
ALB,2005,914.5954844
ALB,2006,1030.84244
ALB,2007,1252.969978
ALB,2008,1507.018688
AND,1990,92.56060253
AND,1991,99.1997032
AND,1992,109.023091
AND,1993,92.23909726
AND,1994,94.12993792
AND,1995,108.6252457
AND,1996,112.4004287
AND,1997,105.8388819
AND,1998,108.3526778
AND,1999,110.5980539
AND,2000,101.2447989
AND,2001,112.618294
AND,2002,126.6701177
AND,2003,170.3475435
AND,2004,212.4954696
AND,2005,233.7210654
AND,2006,260.3936317
AND,2007,295.4855381
AND,2008,308.4485119
ANT,1990,368.5068956
ANT,1991,383.6517194
ANT,1992,408.8224376
ANT,1993,435.475743
ANT,1994,473.9938327
ANT,1995,499.670213
ANT,1996,516.857131
ANT,1997,525.3515664
ANT,1998,531.9689315
ANT,1999,530.433646
ANT,2000,548.4689296
ANT,2001,547.8635329
ANT,2002,555.6171772
ANT,2003,583.8589232
ANT,2004,720.560292
ANT,2005,773.9257357
ANT,2006,826.9336875
ANT,2007,912.2052299
ANT,2008,1027.933549
ARE,1990,3560.208891
ARE,1991,5091.817823
ARE,1992,5068.979977
ARE,1993,4374.696878
ARE,1994,6095.882669
ARE,1995,6269.359438
ARE,1996,6338.167577
ARE,1997,5256.002295
ARE,1998,4349.848063
ARE,1999,6103.88144
ARE,2000,8695.262118
ARE,2001,8587.088046
ARE,2002,9496.986534
ARE,2003,11125.21906
ARE,2004,13375.83422
ARE,2005,15747.09761
ARE,2006,18984.73094
ARE,2007,23425.17557
ARE,2008,27208.00265
ARG,1990,12082.22162
ARG,1991,16296.71571
ARG,1992,19696.0558
ARG,1993,20062.26982
ARG,1994,21929.44356
ARG,1995,22073.3993
ARG,1996,23149.97313
ARG,1997,24926.04865
ARG,1998,25750.61063
ARG,1999,24547.31648
ARG,2000,24456.37066
ARG,2001,23275.23535
ARG,2002,8969.769299
ARG,2003,11384.17479
ARG,2004,13571.62866
ARG,2005,16195.95772
ARG,2006,18988.69856
ARG,2007,23313.01312
ARG,2008,29192.67045
ARM,1990,125305.0147
ARM,1991,80972.83639
ARM,1992,4781.565639
ARM,1993,9643.187384
ARM,1994,73.15554953
ARM,1995,101.0666208
ARM,1996,125.7658228
ARM,1997,130.903159
ARM,1998,147.0852983
ARM,1999,144.8651847
ARM,2000,153.4091207
ARM,2001,166.9656104
ARM,2002,183.979159
ARM,2003,213.0243683
ARM,2004,270.1374505
ARM,2005,351.8303186
ARM,2006,364.1845303
ARM,2007,523.0637866
ARM,2008,658.4815427
ATG,1990,52.40691024
ATG,1991,55.75351404
ATG,1992,57.17653728
ATG,1993,60.0897557
ATG,1994,68.17446015
ATG,1995,68.36195817
ATG,1996,72.23659939
ATG,1997,67.53101897
ATG,1998,66.18980741
ATG,1999,69.81404848
ATG,2000,67.5459696
ATG,2001,74.7269084
ATG,2002,77.04893155
ATG,2003,87.691791
ATG,2004,98.86171843
ATG,2005,111.4776674
ATG,2006,135.5934023
ATG,2007,160.1361276
ATG,2008,167.6123997
AUS,1990,25195.68392
AUS,1991,21432.6459
AUS,1992,21203.77546
AUS,1993,19757.96366
AUS,1994,24138.42995
AUS,1995,29236.42762
AUS,1996,30855.26477
AUS,1997,29612.24697
AUS,1998,35169.61669
AUS,1999,38305.77513
AUS,2000,36772.43792
AUS,2001,35842.34819
AUS,2002,39573.39644
AUS,2003,48671.83958
AUS,2004,59897.28223
AUS,2005,66512.66194
AUS,2006,68897.87304
AUS,2007,89874.49809
AUS,2008,95866.447
AUT,1990,14741.76432
AUT,1991,15359.42557
AUT,1992,17326.77063
AUT,1993,16915.31705
AUT,1994,18113.25338
AUT,1995,21488.50634
AUT,1996,21296.28186
AUT,1997,19105.68382
AUT,1998,19772.39238
AUT,1999,19678.15978
AUT,2000,18048.03694
AUT,2001,18092.95801
AUT,2002,19437.07846
AUT,2003,23973.02103
AUT,2004,27877.15924
AUT,2005,29311.95662
AUT,2006,31924.78186
AUT,2007,37265.69816
AUT,2008,41706.52174
AZE,1990,254.7444992
AZE,1991,296.3153918
AZE,1992,345.1684982
AZE,1993,361.5575786
AZE,1994,326.5723051
AZE,1995,283.1242722
AZE,1996,301.5505473
AZE,1997,363.9663117
AZE,1998,399.9522458
AZE,1999,395.6705694
AZE,2000,426.0978094
AZE,2001,454.6638069
AZE,2002,489.8794749
AZE,2003,591.4830955
AZE,2004,716.6544969
AZE,2005,1006.558239
AZE,2006,1457.021553
AZE,2007,2099.334893
AZE,2008,2849.242936
BDI,1990,172.5834329
BDI,1991,179.8763229
BDI,1992,166.4644708
BDI,1993,153.8865195
BDI,1994,174.4777476
BDI,1995,165.1846467
BDI,1996,133.0772682
BDI,1997,136.7203085
BDI,1998,123.3338666
BDI,1999,110.1210119
BDI,2000,93.07895649
BDI,2001,92.78680821
BDI,2002,87.74180845
BDI,2003,89.57180052
BDI,2004,103.8536255
BDI,2005,109.3163857
BDI,2006,109.2407208
BDI,2007,103.0009425
BDI,2008,118.9697897
BEL,1990,24143.48954
BEL,1991,24771.0813
BEL,1992,27612.88599
BEL,1993,26220.56493
BEL,1994,28667.59117
BEL,1995,33881.97693
BEL,1996,33516.60617
BEL,1997,30690.25472
BEL,1998,31425.59104
BEL,1999,31324.78759
BEL,2000,28942.59834
BEL,2001,29293.22445
BEL,2002,31710.32297
BEL,2003,39088.20217
BEL,2004,45983.35809
BEL,2005,48423.60294
BEL,2006,52760.98262
BEL,2007,61505.49161
BEL,2008,69099.83126
BEN,1990,153.229744
BEN,1991,158.7007497
BEN,1992,177.2906606
BEN,1993,176.1039991
BEN,1994,126.9344987
BEN,1995,180.3558117
BEN,1996,194.1064253
BEN,1997,183.9238992
BEN,1998,203.9757328
BEN,1999,212.2178021
BEN,2000,206.0976368
BEN,2001,228.6164936
BEN,2002,255.9915201
BEN,2003,334.4203374
BEN,2004,388.2784873
BEN,2005,423.4501727
BEN,2006,473.9208973
BEN,2007,560.1434266
BEN,2008,670.2793553
BFA,1990,142.5172442
BFA,1991,142.7155384
BFA,1992,142.7784991
BFA,1993,141.6386692
BFA,1994,116.662714
BFA,1995,137.3144478
BFA,1996,146.5170004
BFA,1997,137.3849595
BFA,1998,154.5908603
BFA,1999,151.6703853
BFA,2000,143.8831859
BFA,2001,142.8671866
BFA,2002,150.8199962
BFA,2003,183.9736582
BFA,2004,217.6873759
BFA,2005,238.3709935
BFA,2006,256.3547619
BFA,2007,286.5093297
BFA,2008,347.6785876
BGD,1990,1693.925675
BGD,1991,1795.342947
BGD,1992,1836.528065
BGD,1993,1927.297706
BGD,1994,2052.181407
BGD,1995,2322.488101
BGD,1996,2420.790026
BGD,1997,2499.698094
BGD,1998,2644.683074
BGD,1999,2801.688575
BGD,2000,2901.659797
BGD,2001,2884.943584
BGD,2002,2966.143906
BGD,2003,3312.227663
BGD,2004,3690.6204
BGD,2005,3858.520562
BGD,2006,4180.578747
BGD,2007,4791.194119
BGD,2008,5589.150349
BGR,1990,2405.678869
BGR,1991,975.7057724
BGR,1992,1136.548713
BGR,1993,1391.464575
BGR,1994,1066.380436
BGR,1995,1424.478879
BGR,1996,1138.77078
BGR,1997,1189.420703
BGR,1998,1385.915852
BGR,1999,1446.264973
BGR,2000,1452.756418
BGR,2001,1621.010825
BGR,2002,1869.224756
BGR,2003,2523.707812
BGR,2004,3201.959925
BGR,2005,3710.924279
BGR,2006,4326.162001
BGR,2007,5488.73932
BGR,2008,6447.4405
BHR,1990,339.941608
BHR,1991,354.9859198
BHR,1992,382.7165171
BHR,1993,412.8892468
BHR,1994,455.9598847
BHR,1995,476.6275936
BHR,1996,485.1431476
BHR,1997,496.9393247
BHR,1998,475.9726556
BHR,1999,502.8502666
BHR,2000,569.8485835
BHR,2001,568.9885388
BHR,2002,608.3012929
BHR,2003,707.7389586
BHR,2004,859.5490728
BHR,2005,1046.470992
BHR,2006,1349.851964
BHR,2007,1622.584624
BHR,2008,2023.600245
BHS,1990,235.359486
BHS,1991,233.1518246
BHS,1992,234.1917645
BHS,1993,234.6818434
BHS,1994,252.0860816
BHS,1995,273.7798329
BHS,1996,296.31396
BHS,1997,316.7506384
BHS,1998,353.7149214
BHS,1999,398.8027647
BHS,2000,416.2959127
BHS,2001,436.2452687
BHS,2002,457.14966
BHS,2003,461.6927889
BHS,2004,487.7096377
BHS,2005,537.5704434
BHS,2006,585.2174345
BHS,2007,615.3124048
BHS,2008,618.3700615
BIH,1990,797.2182938
BIH,1991,632.5870449
BIH,1992,496.5618968
BIH,1993,388.3636906
BIH,1994,300.3356312
BIH,1995,226.0201971
BIH,1996,294.2112792
BIH,1997,369.7209832
BIH,1998,417.4202885
BIH,1999,465.0710167
BIH,2000,517.7088545
BIH,2001,562.3058898
BIH,2002,654.8230588
BIH,2003,858.6991958
BIH,2004,1034.878933
BIH,2005,1089.975838
BIH,2006,1196.248762
BIH,2007,1450.103094
BIH,2008,1726.327229
BLR,1990,17.85072699
BLR,1991,14.0787013
BLR,1992,27.41670861
BLR,1993,26.44958144
BLR,1994,27.81012892
BLR,1995,27.2813845
BLR,1996,27.90265939
BLR,1997,35.48688491
BLR,1998,35.9195789
BLR,1999,32.83517255
BLR,2000,44.3336196
BLR,2001,39.60933598
BLR,2002,41.7024449
BLR,2003,46.16066413
BLR,2004,59.28273482
BLR,2005,70.01712042
BLR,2006,85.37970406
BLR,2007,106.3862315
BLR,2008,140.4457191
BLZ,1990,40.76141884
BLZ,1991,42.7727195
BLZ,1992,48.11908189
BLZ,1993,50.8757274
BLZ,1994,54.42531543
BLZ,1995,59.17090299
BLZ,1996,72.23601607
BLZ,1997,70.77966173
BLZ,1998,71.70279098
BLZ,1999,77.57100345
BLZ,2000,86.71512318
BLZ,2001,91.26303096
BLZ,2002,96.32628551
BLZ,2003,105.3833469
BLZ,2004,116.7645002
BLZ,2005,125.9011507
BLZ,2006,143.1668598
BLZ,2007,157.3405414
BLZ,2008,174.5460448
BMU,1990,132.4530973
BMU,1991,137.4194698
BMU,1992,142.3893917
BMU,1993,148.1522312
BMU,1994,154.2392915
BMU,1995,162.3291619
BMU,1996,168.4501348
BMU,1997,173.6682493
BMU,1998,180.2908508
BMU,1999,188.2683876
BMU,2000,187.2644737
BMU,2001,198.651356
BMU,2002,219.4232307
BMU,2003,239.1249863
BMU,2004,280.4943115
BMU,2005,309.4060247
BMU,2006,348.98309
BMU,2007,380.9081111
BMU,2008,399.9173292
BOL,1990,799.6636321
BOL,1991,886.612707
BOL,1992,958.7326663
BOL,1993,988.5686461
BOL,1994,1032.65334
BOL,1995,1161.541196
BOL,1996,1274.262614
BOL,1997,1369.546531
BOL,1998,1476.42638
BOL,1999,1445.541041
BOL,2000,1495.574372
BOL,2001,1443.11499
BOL,2002,1394.381208
BOL,2003,1426.557913
BOL,2004,1560.792459
BOL,2005,1689.235203
BOL,2006,2047.73004
BOL,2007,2397.402436
BOL,2008,3076.007601
BRA,1990,32143.15313
BRA,1991,28105.02514
BRA,1992,27474.50309
BRA,1993,28800.60413
BRA,1994,36941.77343
BRA,1995,53370.19346
BRA,1996,57168.80502
BRA,1997,59961.19728
BRA,1998,59032.08527
BRA,1999,41474.47389
BRA,2000,48015.46796
BRA,2001,42080.52534
BRA,2002,38291.36635
BRA,2003,42756.57437
BRA,2004,51289.58099
BRA,2005,67976.73526
BRA,2006,83943.95262
BRA,2007,104722.4492
BRA,2008,130477.3278
BRB,1990,208.636007
BRB,1991,208.5081462
BRB,1992,205.2743239
BRB,1993,219.1439711
BRB,1994,231.2639265
BRB,1995,247.3324388
BRB,1996,257.7086177
BRB,1997,259.2713066
BRB,1998,276.6731385
BRB,1999,288.1023914
BRB,2000,282.0027692
BRB,2001,299.8004119
BRB,2002,303.4316784
BRB,2003,334.3848867
BRB,2004,387.9871515
BRB,2005,443.7576711
BRB,2006,499.7115099
BRB,2007,562.9240152
BRB,2008,594.0646984
BRN,1990,317.6060484
BRN,1991,338.8917558
BRN,1992,380.6662919
BRN,1993,381.406565
BRN,1994,384.0073227
BRN,1995,463.4825274
BRN,1996,500.6375787
BRN,1997,502.4076234
BRN,1998,386.1189043
BRN,1999,438.5976731
BRN,2000,563.9793754
BRN,2001,536.6891656
BRN,2002,550.6409876
BRN,2003,626.4787091
BRN,2004,762.9881854
BRN,2005,903.8315781
BRN,2006,1080.347972
BRN,2007,1161.986499
BRN,2008,1403.1003
BTN,1990,24.71938775
BTN,1991,21.73577029
BTN,1992,22.51242008
BTN,1993,21.37808252
BTN,1994,23.08469871
BTN,1995,26.26005032
BTN,1996,27.80318503
BTN,1997,32.30861048
BTN,1998,31.90513339
BTN,1999,34.97615704
BTN,2000,34.88136167
BTN,2001,40.27314336
BTN,2002,45.06188859
BTN,2003,52.79581151
BTN,2004,61.37508582
BTN,2005,71.71586139
BTN,2006,86.9082404
BTN,2007,117.1068244
BTN,2008,127.7563474
BWA,1990,178.4705657
BWA,1991,188.0391549
BWA,1992,201.1154914
BWA,1993,202.1276249
BWA,1994,214.1236081
BWA,1995,243.3227878
BWA,1996,254.7480531
BWA,1997,275.662345
BWA,1998,285.9382061
BWA,1999,311.9895359
BWA,2000,320.9092935
BWA,2001,303.6647278
BWA,2002,303.578529
BWA,2003,407.8514675
BWA,2004,509.3683488
BWA,2005,528.5452099
BWA,2006,549.3502748
BWA,2007,614.2989684
BWA,2008,641.9026058
CAF,1990,137.6755583
CAF,1991,131.9741248
CAF,1992,135.7222946
CAF,1993,121.7510476
CAF,1994,85.56917247
CAF,1995,113.5166695
CAF,1996,103.6197565
CAF,1997,92.32866216
CAF,1998,91.81207025
CAF,1999,92.50270558
CAF,2000,84.44202971
CAF,2001,86.97803947
CAF,2002,91.41955541
CAF,2003,108.7177077
CAF,2004,125.366605
CAF,2005,133.8416137
CAF,2006,154.9380018
CAF,2007,180.8852972
CAF,2008,208.6233893
CAN,1990,52615.85523
CAN,1991,53692.40398
CAN,1992,52654.12705
CAN,1993,51924.72124
CAN,1994,51755.42996
CAN,1995,52394.86342
CAN,1996,56431.08453
CAN,1997,60456.94359
CAN,1998,60311.11253
CAN,1999,65165.60217
CAN,2000,71668.06126
CAN,2001,71523.88941
CAN,2002,73079.39921
CAN,2003,84413.70379
CAN,2004,97975.02126
CAN,2005,110056.2897
CAN,2006,123535.9761
CAN,2007,137501.8539
CAN,2008,146382.9217
CHE,1990,11852.349
CHE,1991,12453.33549
CHE,1992,13392.32464
CHE,1993,13408.53374
CHE,1994,15070.00946
CHE,1995,17964.56789
CHE,1996,17677.85286
CHE,1997,16514.40993
CHE,1998,16416.17412
CHE,1999,16695.59924
CHE,2000,16643.30235
CHE,2001,17373.50788
CHE,2002,18474.55212
CHE,2003,21723.25298
CHE,2004,25716.39048
CHE,2005,27883.16776
CHE,2006,31339.33318
CHE,2007,36310.72782
CHE,2008,42265.61594
CHL,1990,4393.066808
CHL,1991,5008.551578
CHL,1992,6083.975188
CHL,1993,6467.105767
CHL,1994,7372.409775
CHL,1995,9337.229545
CHL,1996,9807.801458
CHL,1997,11322.61668
CHL,1998,10997.18549
CHL,1999,10152.26305
CHL,2000,10219.24813
CHL,2001,9674.916962
CHL,2002,9459.824297
CHL,2003,10410.81318
CHL,2004,13551.56919
CHL,2005,16695.04982
CHL,2006,20704.27088
CHL,2007,23424.23933
CHL,2008,25129.32031
CHN,1990,26908.42328
CHN,1991,30993.26426
CHN,1992,37138.46765
CHN,1993,37696.48949
CHN,1994,35102.51576
CHN,1995,43897.59574
CHN,1996,64465.78538
CHN,1997,66570.35395
CHN,1998,101187.4851
CHN,1999,107216.6928
CHN,2000,115620.3263
CHN,2001,129388.4128
CHN,2002,147228.9621
CHN,2003,168356.8824
CHN,2004,200410.0882
CHN,2005,292205.9832
CHN,2006,349336.8792
CHN,2007,443678.8168
CHN,2008,568732.3368
CIV,1990,817.391095
CIV,1991,786.7539843
CIV,1992,838.3361057
CIV,1993,763.926241
CIV,1994,588.5677106
CIV,1995,779.1302548
CIV,1996,855.5239128
CIV,1997,830.1801224
CIV,1998,902.5623596
CIV,1999,903.6246857
CIV,2000,793.3271151
CIV,2001,845.0862404
CIV,2002,930.5054911
CIV,2003,1176.355488
CIV,2004,1347.032464
CIV,2005,1423.904244
CIV,2006,1515.398784
CIV,2007,1737.547483
CIV,2008,2057.44701
CMR,1990,1037.70517
CMR,1991,983.2698878
CMR,1992,1039.68107
CMR,1993,1083.669005
CMR,1994,660.305614
CMR,1995,816.6366935
CMR,1996,862.245387
CMR,1997,804.7846397
CMR,1998,849.3951263
CMR,1999,863.7085088
CMR,2000,788.0947049
CMR,2001,840.6351553
CMR,2002,936.9323864
CMR,2003,1196.999601
CMR,2004,1417.375122
CMR,2005,1503.408896
CMR,2006,1698.177914
CMR,2007,1975.175692
CMR,2008,2274.346103
COD,1990,1464.102578
COD,1991,1467.753862
COD,1992,1344.269818
COD,1993,1758.599661
COD,1994,976.7900176
COD,1995,961.8908428
COD,1996,956.8109235
COD,1997,1052.725477
COD,1998,1162.084154
COD,1999,1029.796526
COD,2000,1000.429475
COD,2001,946.2791729
COD,2002,987.4434199
COD,2003,997.8836586
COD,2004,1164.722582
COD,2005,1317.320547
COD,2006,1599.494854
COD,2007,1856.450117
COD,2008,2232.116801
COG,1990,288.2141522
COG,1991,286.165785
COG,1992,310.5425113
COG,1993,290.1158464
COG,1994,208.0564148
COG,1995,242.8592363
COG,1996,277.9570776
COG,1997,259.8038712
COG,1998,222.2834969
COG,1999,257.9617519
COG,2000,326.0769412
COG,2001,300.9078306
COG,2002,323.0691188
COG,2003,378.3790654
COG,2004,489.4447362
COG,2005,610.1148987
COG,2006,764.8876808
COG,2007,799.4590286
COG,2008,1082.621925
COL,1990,5231.267979
COL,1991,5397.518735
COL,1992,5838.568275
COL,1993,6744.895944
COL,1994,8833.093623
COL,1995,10205.57217
COL,1996,10697.80275
COL,1997,11744.46478
COL,1998,10979.99043
COL,1999,9642.470773
COL,2000,9262.341975
COL,2001,6595.332657
COL,2002,6334.866659
COL,2003,6431.515576
COL,2004,7453.7412
COL,2005,8972.545709
COL,2006,9894.502284
COL,2007,12315.78142
COL,2008,14648.58117
CPV,1990,38.26503332
CPV,1991,40.36230686
CPV,1992,44.61305674
CPV,1993,43.56250201
CPV,1994,48.55283624
CPV,1995,57.39070508
CPV,1996,56.64362428
CPV,1997,51.6437672
CPV,1998,52.0774323
CPV,1999,57.56415517
CPV,2000,49.47208224
CPV,2001,55.19998669
CPV,2002,61.55814063
CPV,2003,83.71891007
CPV,2004,99.96930419
CPV,2005,106.6772898
CPV,2006,127.5944848
CPV,2007,154.9804119
CPV,2008,182.3891763
CRI,1990,567.5608487
CRI,1991,567.8499034
CRI,1992,684.9344674
CRI,1993,773.4192979
CRI,1994,854.3904922
CRI,1995,958.4484557
CRI,1996,987.9700509
CRI,1997,1067.204449
CRI,1998,1193.319983
CRI,1999,1322.697657
CRI,2000,1360.914356
CRI,2001,1394.682574
CRI,2002,1430.745509
CRI,2003,1521.445175
CRI,2004,1654.259723
CRI,2005,1822.028084
CRI,2006,2080.692182
CRI,2007,2442.08389
CRI,2008,2791.68105
CUB,1990,1634.197307
CUB,1991,1413.691368
CUB,1992,1297.494303
CUB,1993,1310.828614
CUB,1994,1671.391037
CUB,1995,1799.200677
CUB,1996,1422.522737
CUB,1997,1449.048268
CUB,1998,1536.179905
CUB,1999,1703.642802
CUB,2000,1851.195027
CUB,2001,1853.668328
CUB,2002,1929.451994
CUB,2003,2017.180452
CUB,2004,2131.62659
CUB,2005,2341.076105
CUB,2006,2796.828627
CUB,2007,3067.524207
CUB,2008,3247.078046
CYM,1990,78.50268432
CYM,1991,79.57953262
CYM,1992,93.44380698
CYM,1993,99.29873468
CYM,1994,107.2601685
CYM,1995,115.8430284
CYM,1996,124.7785737
CYM,1997,133.8648885
CYM,1998,172.5929739
CYM,1999,184.3051809
CYM,2000,188.928998
CYM,2001,197.06987
CYM,2002,204.7345201
CYM,2003,216.4029821
CYM,2004,232.0980716
CYM,2005,265.5185194
CYM,2006,249.1256192
CYM,2007,279.9717329
CYM,2008,288.7496159
CYP,1990,347.8473444
CYP,1991,368.2672028
CYP,1992,440.0850996
CYP,1993,411.1373613
CYP,1994,461.7598353
CYP,1995,562.426727
CYP,1996,583.2646246
CYP,1997,570.4974898
CYP,1998,635.5043646
CYP,1999,657.3396484
CYP,2000,626.924151
CYP,2001,662.0558137
CYP,2002,716.9967124
CYP,2003,892.5658274
CYP,2004,1070.131729
CYP,2005,1157.499217
CYP,2006,1295.228231
CYP,2007,1563.316706
CYP,2008,1871.577289
CZE,1990,5812.289999
CZE,1991,4302.818529
CZE,1992,5079.446434
CZE,1993,5893.548036
CZE,1994,6803.820342
CZE,1995,8548.410434
CZE,1996,9562.084592
CZE,1997,8828.434566
CZE,1998,9546.38846
CZE,1999,9340.709742
CZE,2000,8943.203318
CZE,2001,9869.129861
CZE,2002,11915.88175
CZE,2003,14470.35833
CZE,2004,17351.09552
CZE,2005,19714.88082
CZE,2006,22684.94811
CZE,2007,27624.96604
CZE,2008,34589.51178
DEU,1990,118067.131
DEU,1991,124715.0835
DEU,1992,139711.3069
DEU,1993,136699.4509
DEU,1994,147291.1985
DEU,1995,171260.211
DEU,1996,166694.3745
DEU,1997,151519.4462
DEU,1998,157383.6029
DEU,1999,157141.4591
DEU,2000,148567.8772
DEU,2001,146984.7489
DEU,2002,155929.3412
DEU,2003,187164.7302
DEU,2004,215745.9699
DEU,2005,226214.8016
DEU,2006,245297.6256
DEU,2007,311231.0968
DEU,2008,359943.9208
DJI,1990,70.31028722
DJI,1991,71.98298824
DJI,1992,75.36137621
DJI,1993,72.86684147
DJI,1994,76.03304641
DJI,1995,74.40945427
DJI,1996,70.12162238
DJI,1997,62.0601559
DJI,1998,57.96461948
DJI,1999,61.37298736
DJI,2000,58.45183455
DJI,2001,67.95967731
DJI,2002,70.71402803
DJI,2003,80.24829579
DJI,2004,90.752507
DJI,2005,97.60088409
DJI,2006,113.332029
DJI,2007,127.4449791
DJI,2008,148.9614131
DNK,1990,13763.36852
DNK,1991,13745.85715
DNK,1992,15127.56301
DNK,1993,14410.8187
DNK,1994,15885.64122
DNK,1995,19172.90077
DNK,1996,19469.31065
DNK,1997,17685.60185
DNK,1998,17614.67706
DNK,1999,17465.82383
DNK,2000,15383.49805
DNK,2001,15879.78458
DNK,2002,17205.85153
DNK,2003,21488.49892
DNK,2004,24733.95851
DNK,2005,26413.05421
DNK,2006,32831.43578
DNK,2007,40738.22558
DNK,2008,48321.06162
DOM,1990,579.10116
DOM,1991,618.201229
DOM,1992,721.1907365
DOM,1993,804.5157449
DOM,1994,872.6574256
DOM,1995,976.7787812
DOM,1996,1077.010211
DOM,1997,1253.955424
DOM,1998,1406.392996
DOM,1999,1505.647567
DOM,2000,1800.189611
DOM,2001,1747.812268
DOM,2002,1753.972949
DOM,2003,1432.783277
DOM,2004,1571.163604
DOM,2005,2363.130822
DOM,2006,2576.361706
DOM,2007,2944.018923
DOM,2008,3298.214105
DZA,1990,3824.81979
DZA,1991,2959.304335
DZA,1992,3149.559882
DZA,1993,3221.774736
DZA,1994,2888.2008
DZA,1995,3045.821508
DZA,1996,3387.610834
DZA,1997,3433.600006
DZA,1998,3504.961794
DZA,1999,3684.333111
DZA,2000,4227.427521
DZA,2001,4163.305412
DZA,2002,4228.891017
DZA,2003,5061.179908
DZA,2004,6482.210956
DZA,2005,7862.229871
DZA,2006,9090.714305
DZA,2007,10582.71831
DZA,2008,13351.19092
ECU,1990,1619.423761
ECU,1991,1791.035806
ECU,1992,1955.464545
ECU,1993,2227.623694
ECU,1994,2714.463313
ECU,1995,2961.305205
ECU,1996,3088.761321
ECU,1997,3465.856459
ECU,1998,3526.336871
ECU,1999,2581.095984
ECU,2000,2429.156464
ECU,2001,3446.898233
ECU,2002,3933.32397
ECU,2003,4574.564167
ECU,2004,5038.933201
ECU,2005,5717.630264
ECU,2006,6101.801339
ECU,2007,6416.913459
ECU,2008,7815.823817
EGY,1990,2245.261916
EGY,1991,2119.215888
EGY,1992,2474.115651
EGY,1993,2890.324554
EGY,1994,3302.584614
EGY,1995,4099.612018
EGY,1996,4276.179819
EGY,1997,4523.087495
EGY,1998,4757.491385
EGY,1999,4852.646702
EGY,2000,5425.366013
EGY,2001,5724.144278
EGY,2002,5532.105146
EGY,2003,4955.223385
EGY,2004,5833.904152
EGY,2005,7131.262991
EGY,2006,8360.158811
EGY,2007,10085.89555
EGY,2008,13267.16548
ERI,1990,52.70941376
ERI,1991,58.8932059
ERI,1992,61.0535873
ERI,1993,63.27907736
ERI,1994,79.0042137
ERI,1995,80.4011231
ERI,1996,88.71112874
ERI,1997,84.04393957
ERI,1998,83.99619681
ERI,1999,77.90381037
ERI,2000,66.20252074
ERI,2001,73.54172686
ERI,2002,73.36673298
ERI,2003,93.50249485
ERI,2004,122.1061757
ERI,2005,120.4254296
ERI,2006,134.6980214
ERI,2007,144.2199791
ERI,2008,150.2395099
ESP,1990,38665.30771
ESP,1991,41185.14912
ESP,1992,44814.97853
ESP,1993,37714.58238
ESP,1994,39626.28285
ESP,1995,51547.57558
ESP,1996,52854.16048
ESP,1997,52365.66266
ESP,1998,55577.29062
ESP,1999,56757.23498
ESP,2000,57988.51005
ESP,2001,63095.70244
ESP,2002,68191.73349
ESP,2003,94123.55215
ESP,2004,112378.9314
ESP,2005,123261.631
ESP,2006,135381.2529
ESP,2007,148255.4018
ESP,2008,155481.8818
EST,1990,1348.377137
EST,1991,1150.851992
EST,1992,943.1127529
EST,1993,949.8538779
EST,1994,982.0194479
EST,1995,1061.926515
EST,1996,1125.936128
EST,1997,1195.071094
EST,1998,1481.60328
EST,1999,1508.421242
EST,2000,1492.115343
EST,2001,1654.438931
EST,2002,1918.755896
EST,2003,2562.674406
EST,2004,3162.841037
EST,2005,3642.711148
EST,2006,4431.031553
EST,2007,5755.136376
EST,2008,6316.336218
ETH,1990,660.6336444
ETH,1991,755.0566385
ETH,1992,616.4431451
ETH,1993,444.5036451
ETH,1994,22.42809359
ETH,1995,25.98207269
ETH,1996,25.27544848
ETH,1997,26.03149801
ETH,1998,22.53732636
ETH,1999,21.07956914
ETH,2000,22.04320226
ETH,2001,22.52938354
ETH,2002,23.09607072
ETH,2003,31.12318712
ETH,2004,44.0984328
ETH,2005,53.28883752
ETH,2006,68.24994048
ETH,2007,85.77340391
ETH,2008,110.3426089
FIN,1990,13645.56539
FIN,1991,12487.41809
FIN,1992,11338.39379
FIN,1993,9261.572231
FIN,1994,10632.85298
FIN,1995,13703.89049
FIN,1996,13489.62363
FIN,1997,12940.31698
FIN,1998,13647.11295
FIN,1999,13704.11148
FIN,2000,13059.45457
FIN,2001,13280.52827
FIN,2002,14363.81425
FIN,2003,17430.31987
FIN,2004,20228.42873
FIN,2005,21135.2055
FIN,2006,23078.37265
FIN,2007,27505.22235
FIN,2008,30943.1173
FJI,1990,158.7199044
FJI,1991,160.9459976
FJI,1992,176.5873402
FJI,1993,187.5444504
FJI,1994,211.6856941
FJI,1995,230.3882438
FJI,1996,241.6444959
FJI,1997,233.0777122
FJI,1998,182.1978351
FJI,1999,213.9389437
FJI,2000,179.0266558
FJI,2001,184.4814401
FJI,2002,201.6324005
FJI,2003,264.3159394
FJI,2004,325.540272
FJI,2005,352.0431154
FJI,2006,385.1789703
FJI,2007,423.8927679
FJI,2008,455.0333813
GAB,1990,597.8008059
GAB,1991,580.4774007
GAB,1992,618.5743474
GAB,1993,595.5001002
GAB,1994,474.3521163
GAB,1995,557.234034
GAB,1996,621.2736236
GAB,1997,587.2056419
GAB,1998,513.7805327
GAB,1999,531.0338127
GAB,2000,555.6879031
GAB,2001,525.5140771
GAB,2002,545.3198201
GAB,2003,694.6759322
GAB,2004,841.6584505
GAB,2005,1010.856711
GAB,2006,1139.796739
GAB,2007,1359.449031
GAB,2008,1766.913932
GBR,1990,94574.18744
GBR,1991,97350.21286
GBR,1992,102288.6345
GBR,1993,96784.04415
GBR,1994,105950.208
GBR,1995,118491.6552
GBR,1996,126389.6433
GBR,1997,139933.136
GBR,1998,146736.7795
GBR,1999,151633.4797
GBR,2000,155233.3854
GBR,2001,153468.5211
GBR,2002,161369.4878
GBR,2003,181120.2707
GBR,2004,213585.1723
GBR,2005,230282.7712
GBR,2006,254782.7975
GBR,2007,287909.3895
GBR,2008,290555.2058
GEO,1990,1876.725096
GEO,1991,1492.637092
GEO,1992,1016.477216
GEO,1993,716.884486
GEO,1994,753.7052325
GEO,1995,422.435286
GEO,1996,500.9856181
GEO,1997,570.78241
GEO,1998,570.4848878
GEO,1999,444.5558236
GEO,2000,473.120424
GEO,2001,511.2572972
GEO,2002,541.3574458
GEO,2003,633.385808
GEO,2004,818.8632727
GEO,2005,1018.32418
GEO,2006,1250.324659
GEO,2007,1581.04192
GEO,2008,1883.713836
GHA,1990,639.4930603
GHA,1991,707.0465497
GHA,1992,701.8501764
GHA,1993,613.0783375
GHA,1994,555.2305949
GHA,1995,647.796273
GHA,1996,691.7231276
GHA,1997,674.5841407
GHA,1998,780.0237463
GHA,1999,809.1701559
GHA,2000,553.1310206
GHA,2001,577.854553
GHA,2002,672.3517932
GHA,2003,804.2915281
GHA,2004,960.1768236
GHA,2005,1168.001296
GHA,2006,1383.647867
GHA,2007,1690.650361
GHA,2008,1977.491787
GIN,1990,279.6266951
GIN,1991,293.4488425
GIN,1992,324.7055853
GIN,1993,319.6168101
GIN,1994,337.223392
GIN,1995,381.8706599
GIN,1996,387.6893892
GIN,1997,376.6631885
GIN,1998,344.6489242
GIN,1999,337.3434391
GIN,2000,289.4984846
GIN,2001,297.4838998
GIN,2002,299.1374893
GIN,2003,321.0936077
GIN,2004,345.7403628
GIN,2005,296.486608
GIN,2006,324.974326
GIN,2007,453.6133981
GIN,2008,531.7891425
GMB,1990,53.20717299
GMB,1991,51.96964172
GMB,1992,54.82728493
GMB,1993,58.92733093
GMB,1994,58.59173716
GMB,1995,62.45302805
GMB,1996,67.00680018
GMB,1997,62.19192811
GMB,1998,65.03712147
GMB,1999,62.38608912
GMB,2000,61.89122115
GMB,2001,52.2990807
GMB,2002,41.20122939
GMB,2003,39.79738272
GMB,2004,47.80168598
GMB,2005,52.8292508
GMB,2006,57.54801944
GMB,2007,71.75870518
GMB,2008,86.13747732
GRC,1990,6922.303173
GRC,1991,7401.742478
GRC,1992,8253.74523
GRC,1993,7783.663218
GRC,1994,8312.222349
GRC,1995,9806.545534
GRC,1996,10347.51298
GRC,1997,10073.06263
GRC,1998,10142.24511
GRC,1999,10425.27631
GRC,2000,9048.627311
GRC,2001,9801.76218
GRC,2002,10985.16654
GRC,2003,14465.434
GRC,2004,17257.89815
GRC,2005,18186.41519
GRC,2006,20035.58311
GRC,2007,23542.75722
GRC,2008,26685.35505
GRL,1990,204.224701
GRL,1991,202.0414057
GRL,1992,210.5001699
GRL,1993,214.6702279
GRL,1994,233.4414169
GRL,1995,277.1617531
GRL,1996,275.6134166
GRL,1997,243.4349358
GRL,1998,257.960305
GRL,1999,254.0147294
GRL,2000,237.1649601
GRL,2001,238.8198651
GRL,2002,263.0407816
GRL,2003,324.9070171
GRL,2004,219.9259006
GRL,2005,292.3927713
GRL,2006,368.175623
GRL,2007,444.8505286
GRL,2008,549.6356461
GTM,1990,632.6702975
GTM,1991,768.3838164
GTM,1992,866.3728869
GTM,1993,940.3846595
GTM,1994,1074.375618
GTM,1995,1213.689271
GTM,1996,1282.660103
GTM,1997,1421.189215
GTM,1998,1546.798502
GTM,1999,1479.515917
GTM,2000,1539.454911
GTM,2001,1508.95635
GTM,2002,1628.148094
GTM,2003,1698.739506
GTM,2004,1904.146546
GTM,2005,2159.319036
GTM,2006,2433.263576
GTM,2007,2761.285466
GTM,2008,3173.795067
GUY,1990,6193.352354
GUY,1991,5333.510643
GUY,1992,5727.365663
GUY,1993,7158.934358
GUY,1994,8316.938136
GUY,1995,9413.743654
GUY,1996,10568.74545
GUY,1997,11082.25264
GUY,1998,10672.16796
GUY,1999,10181.33225
GUY,2000,10847.36119
GUY,2001,11047.63541
GUY,2002,11038.28465
GUY,2003,11527.74777
GUY,2004,12863.95519
GUY,2005,14677.99551
GUY,2006,16305.70427
GUY,2007,20271.72591
GUY,2008,22902.7058
HKG,1990,7314.082867
HKG,1991,8511.299104
HKG,1992,9991.191313
HKG,1993,11503.62207
HKG,1994,13161.96743
HKG,1995,14167.4752
HKG,1996,15423.19077
HKG,1997,17054.54543
HKG,1998,16216.15773
HKG,1999,15771.26312
HKG,2000,15847.07124
HKG,2001,16158.46585
HKG,2002,15804.82803
HKG,2003,15789.8811
HKG,2004,17015.99767
HKG,2005,18227.48527
HKG,2006,19989.67782
HKG,2007,22257.93165
HKG,2008,23583.65406
HND,1990,326.5519222
HND,1991,331.4637131
HND,1992,367.2207512
HND,1993,376.7617756
HND,1994,378.5335243
HND,1995,437.7139739
HND,1996,453.0791862
HND,1997,521.3057675
HND,1998,586.9414634
HND,1999,606.5994716
HND,2000,669.5927209
HND,2001,699.2152881
HND,2002,717.152382
HND,2003,746.8001579
HND,2004,844.2118999
HND,2005,939.4376605
HND,2006,1066.552929
HND,2007,1212.913901
HND,2008,1372.877128
HRV,1990,1382.133484
HRV,1991,1167.101841
HRV,1992,942.9595552
HRV,1993,1012.161206
HRV,1994,1313.775684
HRV,1995,1721.846446
HRV,1996,1792.273311
HRV,1997,1864.988777
HRV,1998,2050.058845
HRV,1999,1899.941534
HRV,2000,1812.166499
HRV,2001,1918.868363
HRV,2002,2185.408505
HRV,2003,2814.023238
HRV,2004,3407.718536
HRV,2005,3724.534164
HRV,2006,4150.950638
HRV,2007,4945.655751
HRV,2008,5761.221083
HTI,1990,218.6629396
HTI,1991,205.6102531
HTI,1992,135.9123247
HTI,1993,140.4226406
HTI,1994,178.6765841
HTI,1995,211.9341401
HTI,1996,239.687261
HTI,1997,254.0472592
HTI,1998,289.7179087
HTI,1999,315.3747414
HTI,2000,279.2763363
HTI,2001,280.5035607
HTI,2002,258.1344902
HTI,2003,241.9512891
HTI,2004,317.4580618
HTI,2005,361.0145818
HTI,2006,431.3837134
HTI,2007,518.5727853
HTI,2008,565.5882138
HUN,1990,3308.383939
HUN,1991,3212.725179
HUN,1992,3616.931185
HUN,1993,3729.309095
HUN,1994,3984.799045
HUN,1995,4315.059306
HUN,1996,4322.849784
HUN,1997,4375.944791
HUN,1998,4548.382481
HUN,1999,4639.044614
HUN,2000,4609.292119
HUN,2001,5162.30197
HUN,2002,6326.548759
HUN,2003,8028.267941
HUN,2004,9795.61307
HUN,2005,10652.78672
HUN,2006,11282.23975
HUN,2007,13773.88867
HUN,2008,15769.19334
IDN,1990,10578.40429
IDN,1991,13812.09237
IDN,1992,15203.13312
IDN,1993,17255.74787
IDN,1994,19526.59929
IDN,1995,22651.05104
IDN,1996,21386.62515
IDN,1997,20386.17397
IDN,1998,10251.07529
IDN,1999,14451.66571
IDN,2000,15442.78747
IDN,2001,15126.03418
IDN,2002,18142.88932
IDN,2003,21889.32785
IDN,2004,24588.65055
IDN,2005,27337.20535
IDN,2006,34527.6835
IDN,2007,40936.33664
IDN,2008,48486.45007
IND,1990,57049.2579
IND,1991,50592.33002
IND,1992,50928.36479
IND,1993,52045.53807
IND,1994,53206.56004
IND,1995,60253.20834
IND,1996,63525.94334
IND,1997,68865.84736
IND,1998,72291.92647
IND,1999,73568.50273
IND,2000,76899.26739
IND,2001,78284.15669
IND,2002,80521.75334
IND,2003,118618.2192
IND,2004,136957.9358
IND,2005,159684.864
IND,2006,196297.9578
IND,2007,252523.8796
IND,2008,272583.1647
IRL,1990,3892.416098
IRL,1991,3957.726572
IRL,1992,4495.636855
IRL,1993,4213.276229
IRL,1994,4628.483031
IRL,1995,5632.730811
IRL,1996,6133.664927
IRL,1997,6724.26368
IRL,1998,7330.18695
IRL,1999,8018.762095
IRL,2000,8245.688991
IRL,2001,8726.775635
IRL,2002,9892.461455
IRL,2003,12613.19935
IRL,2004,15050.3267
IRL,2005,16361.00858
IRL,2006,18282.22316
IRL,2007,21508.44914
IRL,2008,22617.01484
IRN,1990,17456.94638
IRN,1991,17669.3147
IRN,1992,17749.07829
IRN,1993,19518.73681
IRN,1994,19728.38657
IRN,1995,19928.4775
IRN,1996,20567.02983
IRN,1997,19172.00254
IRN,1998,18900.16708
IRN,1999,19531.24743
IRN,2000,17753.20667
IRN,2001,21418.47279
IRN,2002,26309.11973
IRN,2003,27503.12
IRN,2004,33908.75595
IRN,2005,41019.7237
IRN,2006,48657.6448
IRN,2007,61051.93946
IRN,2008,71333.16783
IRQ,1990,1520.2654
IRQ,1991,524.8961288
IRQ,1992,597.9865481
IRQ,1993,432.398505
IRQ,1994,368.3432785
IRQ,1995,339.6399529
IRQ,1996,610.8736544
IRQ,1997,699.7131157
IRQ,1998,850.8626526
IRQ,1999,1274.72512
IRQ,2000,1517.835195
IRQ,2001,1529.797699
IRQ,2002,1565.505529
IRQ,2003,1626.447985
IRQ,2004,2391.419769
IRQ,2005,3127.251145
IRQ,2006,4184.389398
IRQ,2007,5834.688311
IRQ,2008,7533.54727
ISL,1990,536.8047139
ISL,1991,573.4135144
ISL,1992,595.597463
ISL,1993,532.9549415
ISL,1994,556.3198875
ISL,1995,632.481485
ISL,1996,671.6566058
ISL,1997,659.7649021
ISL,1998,711.1891883
ISL,1999,757.8743467
ISL,2000,808.8172071
ISL,2001,718.2200355
ISL,2002,808.8237367
ISL,2003,1063.54215
ISL,2004,1360.578768
ISL,2005,1726.815965
ISL,2006,1813.979038
ISL,2007,2232.680763
ISL,2008,1918.237839
ISR,1990,5066.584985
ISR,1991,5582.518002
ISR,1992,6264.34913
ISR,1993,6354.479404
ISR,1994,7197.026776
ISR,1995,8267.623732
ISR,1996,9549.534337
ISR,1997,9841.083687
ISR,1998,9964.168791
ISR,1999,10135.20531
ISR,2000,10890.95604
ISR,2001,11247.78186
ISR,2002,10492.53548
ISR,2003,11253.09457
ISR,2004,13223.75707
ISR,2005,14210.48318
ISR,2006,15607.71795
ISR,2007,17963.47645
ISR,2008,21621.4893
ITA,1990,126394.4646
ITA,1991,133216.8587
ITA,1992,141734.5554
ITA,1993,115112.8837
ITA,1994,119210.5917
ITA,1995,127650.2789
ITA,1996,142396.6601
ITA,1997,135241.5401
ITA,1998,138830.3089
ITA,1999,137133.1785
ITA,2000,125675.5429
ITA,2001,128300.786
ITA,2002,139234.9892
ITA,2003,172479.0755
ITA,2004,198810.8593
ITA,2005,205415.2639
ITA,2006,217707.5181
ITA,2007,248572.456
ITA,2008,271484.454
JAM,1990,458.7120731
JAM,1991,409.7915091
JAM,1992,415.4695086
JAM,1993,522.0220245
JAM,1994,534.1251955
JAM,1995,644.9535815
JAM,1996,710.4412445
JAM,1997,791.9592722
JAM,1998,829.5657421
JAM,1999,825.5775093
JAM,2000,814.916356
JAM,2001,866.7699535
JAM,2002,956.0362553
JAM,2003,968.6277698
JAM,2004,1065.768802
JAM,2005,1182.228088
JAM,2006,1285.461528
JAM,2007,1399.241426
JAM,2008,1548.490401
JOR,1990,382.4239117
JOR,1991,365.9746251
JOR,1992,456.7300933
JOR,1993,478.1654371
JOR,1994,536.7771857
JOR,1995,586.3057643
JOR,1996,613.8898779
JOR,1997,620.9430133
JOR,1998,652.8666111
JOR,1999,667.6855559
JOR,2000,706.952196
JOR,2001,758.6642473
JOR,2002,813.2345591
JOR,2003,898.9831976
JOR,2004,1083.263472
JOR,2005,1276.600435
JOR,2006,1614.758254
JOR,2007,1933.556321
JOR,2008,2489.723455
JPN,1990,241633.2167
JPN,1991,268392.1741
JPN,1992,289495.6586
JPN,1993,328961.2101
JPN,1994,360751.8451
JPN,1995,421703.3069
JPN,1996,364897.5641
JPN,1997,324628.4102
JPN,1998,299002.9799
JPN,1999,342042.9672
JPN,2000,424785.3704
JPN,2001,377421.2992
JPN,2002,362630.0827
JPN,2003,393287.6988
JPN,2004,358891.8576
JPN,2005,357855.5354
JPN,2006,351156.3762
JPN,2007,352866.7528
JPN,2008,413497.6137
KAZ,1990,4294.372139
KAZ,1991,3105721.621
KAZ,1992,600253.246
KAZ,1993,3742.611551
KAZ,1994,3682.023582
KAZ,1995,3821.073607
KAZ,1996,3871.816456
KAZ,1997,4453.357032
KAZ,1998,4555.839827
KAZ,1999,3485.609751
KAZ,2000,2956.375116
KAZ,2001,4276.294076
KAZ,2002,4952.579274
KAZ,2003,6318.488291
KAZ,2004,8715.198311
KAZ,2005,11155.38981
KAZ,2006,15264.64813
KAZ,2007,19281.9979
KAZ,2008,23053.95826
KEN,1990,1809.545509
KEN,1991,1713.120234
KEN,1992,1711.370532
KEN,1993,1191.250432
KEN,1994,1512.459154
KEN,1995,1983.823655
KEN,1996,2016.28379
KEN,1997,2203.556673
KEN,1998,2404.252811
KEN,1999,2198.575391
KEN,2000,2158.064618
KEN,2001,2242.36211
KEN,2002,2257.236363
KEN,2003,2713.031273
KEN,2004,2917.25198
KEN,2005,3395.051921
KEN,2006,4093.574636
KEN,2007,4965.532223
KEN,2008,5560.520353
KGZ,1990,238.5317326
KGZ,1991,205.2099407
KGZ,1992,172.6249161
KGZ,1993,157.7812338
KGZ,1994,133.2655225
KGZ,1995,133.7837756
KGZ,1996,165.1718119
KGZ,1997,157.5498653
KGZ,1998,149.7608207
KGZ,1999,116.3917233
KGZ,2000,123.7771933
KGZ,2001,127.1413353
KGZ,2002,135.8521028
KGZ,2003,169.7283101
KGZ,2004,200.7098551
KGZ,2005,224.6376514
KGZ,2006,278.3165538
KGZ,2007,378.2349527
KGZ,2008,518.7477692
KHM,1990,141.4884291
KHM,1991,181.2547405
KHM,1992,194.9550667
KHM,1993,217.9955768
KHM,1994,242.0860796
KHM,1995,297.1187732
KHM,1996,317.0083268
KHM,1997,312.5220691
KHM,1998,288.6890417
KHM,1999,324.9704165
KHM,2000,340.0038007
KHM,2001,371.9418804
KHM,2002,399.8023354
KHM,2003,443.9121873
KHM,2004,527.4123442
KHM,2005,620.3892495
KHM,2006,731.0761032
KHM,2007,855.7483045
KHM,2008,1022.443825
KOR,1990,21294.2486
KOR,1991,25675.36919
KOR,1992,27135.66352
KOR,1993,28504.48109
KOR,1994,34696.11226
KOR,1995,41402.07595
KOR,1996,47003.52225
KOR,1997,44335.76268
KOR,1998,31215.85238
KOR,1999,38586.35594
KOR,2000,43546.73698
KOR,2001,42912.79363
KOR,2002,48387.1514
KOR,2003,56318.81242
KOR,2004,67523.96477
KOR,2005,67655.32194
KOR,2006,99617.50231
KOR,2007,115912.4574
KOR,2008,114109.1424
KWT,1990,1551.546079
KWT,1991,1784.43209
KWT,1992,1696.314504
KWT,1993,1849.555958
KWT,1994,1901.221114
KWT,1995,2123.20491
KWT,1996,2379.139235
KWT,1997,2324.222408
KWT,1998,2061.148928
KWT,1999,2270.38823
KWT,2000,2507.669225
KWT,2001,2742.04053
KWT,2002,3253.985735
KWT,2003,4223.886226
KWT,2004,5421.314886
KWT,2005,7578.838603
KWT,2006,9680.701479
KWT,2007,13085.14107
KWT,2008,17299.92075
LAO,1990,60.15932839
LAO,1991,71.96271477
LAO,1992,81.08173715
LAO,1993,92.61824708
LAO,1994,110.2161619
LAO,1995,128.3295399
LAO,1996,136.5845015
LAO,1997,128.5323422
LAO,1998,98.34645093
LAO,1999,108.825189
LAO,2000,130.4300847
LAO,2001,131.1485647
LAO,2002,120.3961568
LAO,2003,132.554197
LAO,2004,154.9090407
LAO,2005,181.3405527
LAO,2006,235.78308
LAO,2007,280.0157406
LAO,2008,352.9127912
LBN,1990,212.3544538
LBN,1991,294.1472612
LBN,1992,355.8443098
LBN,1993,482.7208981
LBN,1994,574.8528844
LBN,1995,701.3768905
LBN,1996,822.64027
LBN,1997,920.6722759
LBN,1998,987.6891963
LBN,1999,1015.668794
LBN,2000,1018.802591
LBN,2001,1050.080626
LBN,2002,1131.637202
LBN,2003,1254.162736
LBN,2004,1422.77533
LBN,2005,1492.329743
LBN,2006,1587.942231
LBN,2007,1800.125191
LBN,2008,2199.405184
LBR,1990,84.07565698
LBR,1991,65.76267848
LBR,1992,58.50585409
LBR,1993,46.03559881
LBR,1994,41.58402683
LBR,1995,45.00855437
LBR,1996,52.20373703
LBR,1997,73.82638482
LBR,1998,84.35491918
LBR,1999,94.12028934
LBR,2000,86.50578759
LBR,2001,87.07629669
LBR,2002,88.58270644
LBR,2003,92.52977917
LBR,2004,119.5447634
LBR,2005,137.3625724
LBR,2006,159.4365219
LBR,2007,200.9714357
LBR,2008,228.8199646
LBY,1990,2759.815758
LBY,1991,3072.063104
LBY,1992,3252.74817
LBY,1993,2951.169996
LBY,1994,2754.613972
LBY,1995,2600.529456
LBY,1996,2843.824433
LBY,1997,2978.314089
LBY,1998,2708.02293
LBY,1999,3022.160016
LBY,2000,3382.498398
LBY,2001,3070.377786
LBY,2002,2196.171927
LBY,2003,2716.918508
LBY,2004,3510.384312
LBY,2005,4651.552894
LBY,2006,5718.856713
LBY,2007,6627.069853
LBY,2008,8496.855173
LIE,1990,134.6186329
LIE,1991,140.8017835
LIE,1992,154.7759789
LIE,1993,157.9758315
LIE,1994,183.6126553
LIE,1995,227.7550133
LIE,1996,233.2581021
LIE,1997,210.0450633
LIE,1998,226.9929817
LIE,1999,246.422266
LIE,2000,229.7719027
LIE,2001,242.6723702
LIE,2002,257.4393123
LIE,2003,299.8471613
LIE,2004,351.4094062
LIE,2005,378.4620392
LIE,2006,415.7337572
LIE,2007,485.7357257
LIE,2008,536.143354
LKA,1990,656.9482766
LKA,1991,717.5725208
LKA,1992,798.6065908
LKA,1993,814.9907223
LKA,1994,905.4549499
LKA,1995,1042.566172
LKA,1996,1118.180406
LKA,1997,1230.789955
LKA,1998,1343.558227
LKA,1999,1308.485449
LKA,2000,1334.751087
LKA,2001,1337.501905
LKA,2002,1447.61526
LKA,2003,1651.889546
LKA,2004,1921.582496
LKA,2005,2301.131394
LKA,2006,2799.979339
LKA,2007,2840.609301
LKA,2008,4261.872945
LSO,1990,50.49536999
LSO,1991,55.8115348
LSO,1992,61.61939102
LSO,1993,59.903918
LSO,1994,60.30641903
LSO,1995,67.62869731
LSO,1996,63.78472852
LSO,1997,70.59241732
LSO,1998,68.33625001
LSO,1999,66.35588532
LSO,2000,67.45825707
LSO,2001,58.81385776
LSO,2002,58.4769592
LSO,2003,81.90665472
LSO,2004,100.4863736
LSO,2005,110.0891801
LSO,2006,116.730211
LSO,2007,131.5295545
LSO,2008,139.2159832
LTU,1990,1324.080859
LTU,1991,1154.18039
LTU,1992,894.1722218
LTU,1993,852.332914
LTU,1994,781.1056509
LTU,1995,832.3795625
LTU,1996,1030.405155
LTU,1997,1218.656555
LTU,1998,1337.646606
LTU,1999,1298.229272
LTU,2000,1340.414072
LTU,2001,1436.868508
LTU,2002,1665.565089
LTU,2003,2192.969111
LTU,2004,2684.152805
LTU,2005,3105.712686
LTU,2006,3654.941174
LTU,2007,4731.712403
LTU,2008,5803.265654
LUX,1990,894.5890615
LUX,1991,944.7490649
LUX,1992,1050.718637
LUX,1993,1036.663284
LUX,1994,1166.900773
LUX,1995,1369.631759
LUX,1996,1398.22701
LUX,1997,1351.981229
LUX,1998,1500.014655
LUX,1999,1626.366329
LUX,2000,1639.140657
LUX,2001,1781.212202
LUX,2002,1932.079745
LUX,2003,2411.802653
LUX,2004,3028.95205
LUX,2005,3303.601679
LUX,2006,3746.624866
LUX,2007,4312.061872
LUX,2008,4983.954451
LVA,1990,1546.455629
LVA,1991,1291.486331
LVA,1992,925.9883301
LVA,1993,866.69216
LVA,1994,892.4837947
LVA,1995,936.1315959
LVA,1996,1044.001021
LVA,1997,1231.966702
LVA,1998,1334.628696
LVA,1999,1418.657251
LVA,2000,1459.285723
LVA,2001,1593.313296
LVA,2002,1779.047492
LVA,2003,2159.947327
LVA,2004,2684.264531
LVA,2005,3121.809813
LVA,2006,3905.508848
LVA,2007,5547.470614
LVA,2008,6523.248702
MAC,1990,188.8943604
MAC,1991,216.5088918
MAC,1992,269.0490239
MAC,1993,311.0557603
MAC,1994,362.0931689
MAC,1995,429.0446459
MAC,1996,486.1437249
MAC,1997,501.4108458
MAC,1998,494.4968631
MAC,1999,500.9183978
MAC,2000,518.141478
MAC,2001,524.8103856
MAC,2002,550.1973922
MAC,2003,618.797419
MAC,2004,780.1230559
MAC,2005,865.4433309
MAC,2006,1034.546075
MAC,2007,1257.523863
MAC,2008,1427.13029
MAR,1990,1933.264263
MAR,1991,2076.09962
MAR,1992,2148.430265
MAR,1993,2022.877967
MAR,1994,2301.878525
MAR,1995,2528.290186
MAR,1996,2753.091648
MAR,1997,2509.925392
MAR,1998,2698.603108
MAR,1999,2724.715423
MAR,2000,2708.797003
MAR,2001,2719.338666
MAR,2002,2870.410385
MAR,2003,3468.171014
MAR,2004,4003.310988
MAR,2005,4239.372428
MAR,2006,4737.004189
MAR,2007,5491.722724
MAR,2008,6488.368485
MCO,1990,183.6438993
MCO,1991,183.1251223
MCO,1992,201.606586
MCO,1993,191.7515096
MCO,1994,200.6905876
MCO,1995,228.9169486
MCO,1996,227.5892579
MCO,1997,203.2475994
MCO,1998,209.6160667
MCO,1999,206.7931813
MCO,2000,186.5511554
MCO,2001,190.7841749
MCO,2002,206.7057428
MCO,2003,257.0870969
MCO,2004,298.30425
MCO,2005,311.3046874
MCO,2006,341.8749147
MCO,2007,438.859986
MCO,2008,487.7692408
MDA,1990,2.419625283
MDA,1991,1.705916397
MDA,1992,1.659633486
MDA,1993,1.64515503
MDA,1994,1.629308916
MDA,1995,1.763606689
MDA,1996,1.986241613
MDA,1997,2.155294896
MDA,1998,2.379206999
MDA,1999,2.194240924
MDA,2000,4.457001704
MDA,2001,2.104105233
MDA,2002,2.247036327
MDA,2003,1.974601884
MDA,2004,1.902156967
MDA,2005,2.214664788
MDA,2006,2.010014979
MDA,2007,2.584134189
MDA,2008,3.486477512
MDG,1990,327.9139258
MDG,1991,290.3719357
MDG,1992,318.5274298
MDG,1993,352.9589841
MDG,1994,323.2644622
MDG,1995,343.5498125
MDG,1996,408.7151644
MDG,1997,357.324684
MDG,1998,365.9442941
MDG,1999,367.8965941
MDG,2000,378.1288765
MDG,2001,442.0721215
MDG,2002,419.6856282
MDG,2003,549.8902397
MDG,2004,486.9585471
MDG,2005,553.7683198
MDG,2006,620.5816249
MDG,2007,823.3083217
MDG,2008,1032.465571
MDV,1990,29.39657073
MDV,1991,32.93423482
MDV,1992,37.87744448
MDV,1993,41.77688215
MDV,1994,45.14610254
MDV,1995,53.85940865
MDV,1996,58.79280448
MDV,1997,62.92500845
MDV,1998,59.20564507
MDV,1999,64.55080653
MDV,2000,68.35114603
MDV,2001,68.94642001
MDV,2002,71.08809772
MDV,2003,82.58652793
MDV,2004,99.77524071
MDV,2005,95.74671785
MDV,2006,120.6159489
MDV,2007,144.806945
MDV,2008,180.064333
MEX,1990,31662.80079
MEX,1991,37837.63755
MEX,1992,44251.15403
MEX,1993,49324.39901
MEX,1994,51655.66915
MEX,1995,35277.71061
MEX,1996,39849.53931
MEX,1997,47854.24497
MEX,1998,52079.77347
MEX,1999,59279.01812
MEX,2000,70330.46158
MEX,2001,76983.03781
MEX,2002,79582.77087
MEX,2003,77373.74823
MEX,2004,83935.31982
MEX,2005,94021.30142
MEX,2006,105941.7979
MEX,2007,115797.4542
MEX,2008,123279.2746
MKD,1990,286.3376843
MKD,1991,244.7827085
MKD,1992,284.7310395
MKD,1993,318.8137888
MKD,1994,389.0633319
MKD,1995,498.4201869
MKD,1996,485.9478827
MKD,1997,459.038171
MKD,1998,447.1346774
MKD,1999,454.5580173
MKD,2000,487.1055384
MKD,2001,491.9299535
MKD,2002,540.0759549
MKD,2003,648.980832
MKD,2004,772.9457768
MKD,2005,836.4300495
MKD,2006,945.907567
MKD,2007,1205.319132
MKD,2008,1496.859286
MLI,1990,247.1068743
MLI,1991,245.9075189
MLI,1992,272.3078301
MLI,1993,271.302627
MLI,1994,187.3209608
MLI,1995,257.336707
MLI,1996,268.5051746
MLI,1997,241.2227155
MLI,1998,258.1147309
MLI,1999,260.1039927
MLI,2000,228.9537076
MLI,2001,262.9339872
MLI,2002,278.5327553
MLI,2003,374.2194306
MLI,2004,458.0242806
MLI,2005,507.0219439
MLI,2006,582.5650415
MLI,2007,685.436206
MLI,2008,820.0193484
MLT,1990,268.4685662
MLT,1991,293.7228962
MLT,1992,329.0951067
MLT,1993,300.4450942
MLT,1994,328.7268619
MLT,1995,392.8055928
MLT,1996,412.3408769
MLT,1997,414.9846907
MLT,1998,444.8438003
MLT,1999,459.9615146
MLT,2000,468.3208712
MLT,2001,462.2684131
MLT,2002,497.3645827
MLT,2003,581.4684498
MLT,2004,660.999693
MLT,2005,700.4629087
MLT,2006,784.241861
MLT,2007,922.8771038
MLT,2008,1069.288606
MMR,1990,572.734197
MMR,1991,608.7600499
MMR,1992,720.7164497
MMR,1993,875.1162175
MMR,1994,1155.663511
MMR,1995,1308.908182
MMR,1996,1096.485089
MMR,1997,511.9537901
MMR,1998,344.7311924
MMR,1999,383.000694
MMR,2000,456.1569657
MMR,2001,466.8132595
MMR,2002,634.1934492
MMR,2003,574.9800884
MMR,2004,609.8798325
MMR,2005,711.8745285
MMR,2006,859.9307551
MMR,2007,1143.539356
MMR,2008,1633.319369
MNG,1990,147.0749645
MNG,1991,137.1225504
MNG,1992,109.7479537
MNG,1993,110.5590825
MNG,1994,116.1710511
MNG,1995,125.4150796
MNG,1996,123.6745434
MNG,1997,116.0294499
MNG,1998,122.7170585
MNG,1999,119.5779828
MNG,2000,139.6381656
MNG,2001,158.3752611
MNG,2002,194.9607053
MNG,2003,233.2060875
MNG,2004,289.8300246
MNG,2005,353.8546101
MNG,2006,446.685604
MNG,2007,548.9025207
MNG,2008,716.4326961
MOZ,1990,261.302879
MOZ,1991,240.8700464
MOZ,1992,180.0763793
MOZ,1993,182.7887662
MOZ,1994,194.5953778
MOZ,1995,201.4537191
MOZ,1996,267.9039947
MOZ,1997,299.8506392
MOZ,1998,325.4881735
MOZ,1999,340.6889744
MOZ,2000,326.5982123
MOZ,2001,309.328222
MOZ,2002,356.3176402
MOZ,2003,442.2883603
MOZ,2004,574.0019426
MOZ,2005,663.3733834
MOZ,2006,711.6510346
MOZ,2007,798.8993195
MOZ,2008,971.6802606
MRT,1990,121.1209566
MRT,1991,128.5119147
MRT,1992,132.4917527
MRT,1993,117.0753507
MRT,1994,121.5982437
MRT,1995,128.9406417
MRT,1996,133.1919125
MRT,1997,124.4005814
MRT,1998,108.1415561
MRT,1999,103.6675823
MRT,2000,102.0387591
MRT,2001,101.8386779
MRT,2002,105.0963418
MRT,2003,120.6184279
MRT,2004,149.9893371
MRT,2005,177.3799134
MRT,2006,238.3076164
MRT,2007,272.9411838
MRT,2008,308.0153965
MUS,1990,414.1578752
MUS,1991,443.2294271
MUS,1992,514.0643006
MUS,1993,523.1568787
MUS,1994,574.1921369
MUS,1995,658.9908365
MUS,1996,723.06795
MUS,1997,691.124225
MUS,1998,632.3363183
MUS,1999,653.7156604
MUS,2000,691.3675388
MUS,2001,690.0743883
MUS,2002,736.4715422
MUS,2003,867.7616842
MUS,2004,991.7639208
MUS,2005,1000.841679
MUS,2006,1070.784519
MUS,2007,1230.153344
MUS,2008,1510.270568
MWI,1990,192.4382424
MWI,1991,223.3275794
MWI,1992,207.0209017
MWI,1993,222.8964142
MWI,1994,139.9266519
MWI,1995,162.848328
MWI,1996,191.3335144
MWI,1997,205.6114512
MWI,1998,201.992194
MWI,1999,204.3414852
MWI,2000,195.6009468
MWI,2001,194.3910435
MWI,2002,221.6814229
MWI,2003,213.671872
MWI,2004,239.5779915
MWI,2005,257.4966001
MWI,2006,293.2670729
MWI,2007,344.0606594
MWI,2008,399.1075821
MYS,1990,4034.523392
MYS,1991,4446.998479
MYS,1992,4818.690256
MYS,1993,5343.240898
MYS,1994,6134.29151
MYS,1995,7056.385523
MYS,1996,11734.51063
MYS,1997,11566.25575
MYS,1998,8786.045669
MYS,1999,9648.487524
MYS,2000,10878.32199
MYS,2001,10788.45246
MYS,2002,11531.84417
MYS,2003,12972.36204
MYS,2004,15628.26458
MYS,2005,17467.81298
MYS,2006,20413.68321
MYS,2007,24264.72949
MYS,2008,28685.54929
NAM,1990,166.9356084
NAM,1991,186.5853455
NAM,1992,214.8279154
NAM,1993,219.6641516
NAM,1994,244.5392574
NAM,1995,269.8318683
NAM,1996,273.7897096
NAM,1997,286.5362406
NAM,1998,271.884105
NAM,1999,267.1001638
NAM,2000,273.3338192
NAM,2001,250.4492943
NAM,2002,237.3719058
NAM,2003,363.3455969
NAM,2004,469.1576616
NAM,2005,518.106445
NAM,2006,580.093928
NAM,2007,660.3802188
NAM,2008,684.4569456
NCL,1990,198.9962936
NCL,1991,204.0809538
NCL,1992,226.1475796
NCL,1993,224.4338487
NCL,1994,244.1737005
NCL,1995,291.3580812
NCL,1996,287.1383605
NCL,1997,277.0248611
NCL,1998,271.8737667
NCL,1999,283.4780693
NCL,2000,271.374919
NCL,2001,266.4864054
NCL,2002,295.3326408
NCL,2003,388.2732379
NCL,2004,471.2091388
NCL,2005,504.9448498
NCL,2006,576.3099902
NCL,2007,709.9623858
NCL,2008,738.3012059
NER,1990,123.9247913
NER,1991,120.8982062
NER,1992,116.4007499
NER,1993,102.7749117
NER,1994,74.87828773
NER,1995,97.71645462
NER,1996,98.81170312
NER,1997,101.1630849
NER,1998,99.84989571
NER,1999,97.54066879
NER,2000,111.4219472
NER,2001,109.6847482
NER,2002,120.8311009
NER,2003,153.8179152
NER,2004,178.1593139
NER,2005,216.4257775
NER,2006,271.4987505
NER,2007,287.7027994
NER,2008,394.8877895
NGA,1990,1543.319158
NGA,1991,1619.109533
NGA,1992,1673.810965
NGA,1993,1723.99194
NGA,1994,1860.362851
NGA,1995,2478.180222
NGA,1996,2972.279052
NGA,1997,3178.023052
NGA,1998,2759.082875
NGA,1999,2065.552749
NGA,2000,2564.468929
NGA,2001,2711.101367
NGA,2002,2878.008224
NGA,2003,3496.429521
NGA,2004,3890.279472
NGA,2005,4871.95318
NGA,2006,6195.663192
NGA,2007,7635.683559
NGA,2008,8858.315229
NIC,1990,221.6809537
NIC,1991,211.5525858
NIC,1992,224.5750891
NIC,1993,210.3885639
NIC,1994,193.0077887
NIC,1995,228.7057811
NIC,1996,257.5881923
NIC,1997,267.1030005
NIC,1998,303.8333676
NIC,1999,319.1078764
NIC,2000,330.4675772
NIC,2001,328.9646913
NIC,2002,324.151618
NIC,2003,366.5046287
NIC,2004,425.3741651
NIC,2005,490.3635824
NIC,2006,531.5120173
NIC,2007,608.3324021
NIC,2008,734.6162951
NLD,1990,23001.32932
NLD,1991,23792.86144
NLD,1992,26531.67568
NLD,1993,25658.70476
NLD,1994,27607.96552
NLD,1995,33026.89228
NLD,1996,33016.26389
NLD,1997,30836.74553
NLD,1998,32145.67662
NLD,1999,32906.0476
NLD,2000,31134.49109
NLD,2001,31965.07333
NLD,2002,34571.58187
NLD,2003,43051.16501
NLD,2004,49363.53638
NLD,2005,52182.64772
NLD,2006,57157.60237
NLD,2007,66951.21325
NLD,2008,75841.63061
NOR,1990,19680.01688
NOR,1991,20304.81209
NOR,1992,21703.16443
NOR,1993,20903.98761
NOR,1994,22025.37133
NOR,1995,25552.42794
NOR,1996,26720.84115
NOR,1997,26149.01372
NOR,1998,26424.78627
NOR,1999,25744.40169
NOR,2000,26014.74273
NOR,2001,27367.65006
NOR,2002,29045.47785
NOR,2003,33305.50868
NOR,2004,36018.03691
NOR,2005,41418.73646
NOR,2006,45985.12311
NOR,2007,55709.41549
NOR,2008,62648.60187
NPL,1990,325.0627716
NPL,1991,298.63728
NPL,1992,326.4839798
NPL,1993,327.9043294
NPL,1994,381.0088947
NPL,1995,402.2897547
NPL,1996,415.7697378
NPL,1997,452.4698077
NPL,1998,426.0787269
NPL,1999,467.7958015
NPL,2000,492.4024378
NPL,2001,514.9270225
NPL,2002,513.1264484
NPL,2003,580.8341743
NPL,2004,671.9006894
NPL,2005,762.024712
NPL,2006,851.4769962
NPL,2007,1039.688008
NPL,2008,1125.540577
NZL,1990,4038.198494
NZL,1991,3810.925702
NZL,1992,3648.007919
NZL,1993,4061.987141
NZL,1994,4788.664325
NZL,1995,5782.151872
NZL,1996,6342.987072
NZL,1997,6616.163727
NZL,1998,5894.834008
NZL,1999,6214.738342
NZL,2000,6007.422088
NZL,2001,6015.477302
NZL,2002,6483.032242
NZL,2003,8220.883065
NZL,2004,10175.38519
NZL,2005,11539.16595
NZL,2006,11959.83379
NZL,2007,14173.23585
NZL,2008,15074.11654
OMN,1990,609.5161804
OMN,1991,624.6004194
OMN,1992,695.5455896
OMN,1993,712.2129409
OMN,1994,744.734511
OMN,1995,816.9531693
OMN,1996,908.4017264
OMN,1997,936.5376873
OMN,1998,841.2676993
OMN,1999,960.8710265
OMN,2000,1252.672449
OMN,2001,1214.441338
OMN,2002,1235.048154
OMN,2003,1320.213766
OMN,2004,1576.297626
OMN,2005,1959.023346
OMN,2006,2255.112934
OMN,2007,2657.389657
OMN,2008,3661.97166
PAK,1990,3654.581459
PAK,1991,3990.676798
PAK,1992,4738.461283
PAK,1993,5000.53398
PAK,1994,5129.230565
PAK,1995,5710.088508
PAK,1996,5743.131862
PAK,1997,6015.096847
PAK,1998,5614.3394
PAK,1999,5264.042924
PAK,2000,5500.400041
PAK,2001,5564.473634
PAK,2002,5677.701732
PAK,2003,6368.936447
PAK,2004,7267.583519
PAK,2005,9530.657532
PAK,2006,11575.99976
PAK,2007,13078.50922
PAK,2008,15012.25979
PAN,1990,496.3907429
PAN,1991,590.1713673
PAN,1992,700.0053815
PAN,1993,785.7281234
PAN,1994,873.2757341
PAN,1995,889.6384058
PAN,1996,902.9742358
PAN,1997,971.3999213
PAN,1998,932.9525059
PAN,1999,913.1347337
PAN,2000,947.9927678
PAN,2001,900.8071399
PAN,2002,861.8650667
PAN,2003,1003.084903
PAN,2004,1192.903345
PAN,2005,1441.963486
PAN,2006,1715.6244
PAN,2007,2031.795402
PAN,2008,2435.596025
PER,1990,3358.765039
PER,1991,3920.470556
PER,1992,4225.18299
PER,1993,4218.456309
PER,1994,5336.808202
PER,1995,6623.180506
PER,1996,7150.379144
PER,1997,7810.618982
PER,1998,7335.949618
PER,1999,6958.165891
PER,2000,7416.160016
PER,2001,7122.066393
PER,2002,7456.520174
PER,2003,8017.063133
PER,2004,9125.425502
PER,2005,10418.01833
PER,2006,12259.2711
PER,2007,14506.84523
PER,2008,17278.78603
PHL,1990,2793.903693
PHL,1991,2866.913525
PHL,1992,3363.424986
PHL,1993,3549.784477
PHL,1994,4157.313982
PHL,1995,5196.119429
PHL,1996,6119.308282
PHL,1997,6067.908573
PHL,1998,5556.584615
PHL,1999,5670.414829
PHL,2000,5879.908284
PHL,2001,5838.963262
PHL,2002,6318.963307
PHL,2003,7071.111098
PHL,2004,8481.671341
PHL,2005,9610.294139
PHL,2006,11466.59534
PHL,2007,13718.1773
PHL,2008,16034.24139
PNG,1990,269.7141421
PNG,1991,304.4044303
PNG,1992,314.3860375
PNG,1993,352.9228091
PNG,1994,381.4502878
PNG,1995,423.76702
PNG,1996,446.8084579
PNG,1997,420.4537558
PNG,1998,372.1295801
PNG,1999,312.3643368
PNG,2000,314.3388122
PNG,2001,269.8595567
PNG,2002,277.449892
PNG,2003,314.115627
PNG,2004,388.4155797
PNG,2005,446.4496726
PNG,2006,543.519991
PNG,2007,688.1055747
PNG,2008,835.3145545
POL,1990,6709.660635
POL,1991,8465.869001
POL,1992,9103.458243
POL,1993,8781.735576
POL,1994,9924.569722
POL,1995,12824.70512
POL,1996,14471.81477
POL,1997,14856.93633
POL,1998,16705.26172
POL,1999,16255.7709
POL,2000,16870.42253
POL,2001,17958.7573
POL,2002,19036.72033
POL,2003,22150.91448
POL,2004,26518.35574
POL,2005,30062.122
POL,2006,35277.49557
POL,2007,43841.46122
POL,2008,52920.04993
PRK,1990,765.3146506
PRK,1991,717.1679861
PRK,1992,646.3590457
PRK,1993,561.5796373
PRK,1994,439.5039358
PRK,1995,263.4407345
PRK,1996,555.3207005
PRK,1997,552.3271995
PRK,1998,551.6937216
PRK,1999,547.4852479
PRK,2000,609.1384937
PRK,2001,601.2471855
PRK,2002,594.6717408
PRK,2003,597.1528219
PRK,2004,614.0901416
PRK,2005,715.461044
PRK,2006,761.0726826
PRK,2007,805.876846
PRK,2008,765.0494222
PRT,1990,4637.210768
PRT,1991,5273.34803
PRT,1992,5287.926257
PRT,1993,4945.496558
PRT,1994,6208.935962
PRT,1995,6532.340028
PRT,1996,6193.455101
PRT,1997,6795.285058
PRT,1998,6075.980904
PRT,1999,7347.342487
PRT,2000,7860.174768
PRT,2001,8358.194743
PRT,2002,8368.339149
PRT,2003,8682.625834
PRT,2004,10120.49037
PRT,2005,10763.89883
PRT,2006,10741.40653
PRT,2007,13740.25094
PRT,2008,15351.75699
PRY,1990,573.225199
PRY,1991,634.1591116
PRY,1992,662.5818794
PRY,1993,728.3471365
PRY,1994,895.7482635
PRY,1995,1041.1434
PRY,1996,1078.958971
PRY,1997,1104.253251
PRY,1998,995.6994206
PRY,1999,884.1010642
PRY,2000,891.7880833
PRY,2001,824.0881398
PRY,2002,721.8275027
PRY,2003,819.7328267
PRY,2004,1050.458279
PRY,2005,1235.716624
PRY,2006,1598.744775
PRY,2007,2010.077475
PRY,2008,2632.291157
PYF,1990,276.8721848
PYF,1991,283.4353875
PYF,1992,306.4917869
PYF,1993,293.1870083
PYF,1994,305.9655712
PYF,1995,344.5010139
PYF,1996,339.7710814
PYF,1997,306.6093846
PYF,1998,316.6350697
PYF,1999,315.4456965
PYF,2000,287.5911502
PYF,2001,296.311601
PYF,2002,327.2780804
PYF,2003,419.1806223
PYF,2004,476.5778612
PYF,2005,496.3208154
PYF,2006,529.5278441
PYF,2007,598.9752981
PYF,2008,658.2980849
QAT,1990,434.9769339
QAT,1991,403.3663857
QAT,1992,456.372531
QAT,1993,464.9147506
QAT,1994,525.1568812
QAT,1995,669.8390423
QAT,1996,723.0233218
QAT,1997,844.7699556
QAT,1998,834.020846
QAT,1999,885.3534688
QAT,2000,1099.524082
QAT,2001,1184.423497
QAT,2002,1304.369904
QAT,2003,1519.73505
QAT,2004,1985.331121
QAT,2005,2516.327426
QAT,2006,3341.362985
QAT,2007,4237.964769
QAT,2008,5472.325572
RUS,1990,54167.90053
RUS,1991,69474.25706
RUS,1992,57008.48221
RUS,1993,50685.63107
RUS,1994,45013.73182
RUS,1995,47734.12766
RUS,1996,46351.98913
RUS,1997,52593.84626
RUS,1998,36403.97015
RUS,1999,30679.13412
RUS,2000,35582.55174
RUS,2001,43771.16729
RUS,2002,45294.82726
RUS,2003,59678.35386
RUS,2004,82988.08193
RUS,2005,107758.421
RUS,2006,140246.7714
RUS,2007,183575.3603
RUS,2008,252752.6788
RWA,1990,109.7600858
RWA,1991,111.2614717
RWA,1992,120.8220852
RWA,1993,125.5542581
RWA,1994,183.2152089
RWA,1995,132.5632765
RWA,1996,135.278223
RWA,1997,159.4486278
RWA,1998,153.8306575
RWA,1999,156.625983
RWA,2000,148.1259121
RWA,2001,154.2020808
RWA,2002,157.3397233
RWA,2003,184.1006063
RWA,2004,204.4835375
RWA,2005,248.2037205
RWA,2006,288.0540052
RWA,2007,320.2602351
RWA,2008,390.3362715
SAU,1990,13905.11857
SAU,1991,15271.74778
SAU,1992,15414.53418
SAU,1993,14252.17295
SAU,1994,13323.92976
SAU,1995,15323.82497
SAU,1996,15797.43575
SAU,1997,15609.74865
SAU,1998,15195.28218
SAU,1999,15520.59875
SAU,2000,16450.45215
SAU,2001,16621.09569
SAU,2002,15541.65484
SAU,2003,15571.45685
SAU,2004,18467.36773
SAU,2005,21453.93491
SAU,2006,23342.48707
SAU,2007,27276.75447
SAU,2008,32553.58691
SEN,1990,524.9346105
SEN,1991,496.6799284
SEN,1992,471.1770732
SEN,1993,388.0888966
SEN,1994,348.3071081
SEN,1995,440.4408566
SEN,1996,497.2842321
SEN,1997,450.8579763
SEN,1998,560.9976613
SEN,1999,403.5190125
SEN,2000,358.9739816
SEN,2001,507.3611207
SEN,2002,571.6404906
SEN,2003,728.6970829
SEN,2004,872.2789085
SEN,2005,1000.68533
SEN,2006,1135.35445
SEN,2007,1453.780204
SEN,2008,1801.797807
SGP,1990,8192.942184
SGP,1991,9959.312599
SGP,1992,12406.1009
SGP,1993,13261.87654
SGP,1994,15918.2887
SGP,1995,19424.32634
SGP,1996,21003.90912
SGP,1997,21366.56118
SGP,1998,19137.39256
SGP,1999,19419.3057
SGP,2000,21054.41343
SGP,2001,21449.53644
SGP,2002,22721.88269
SGP,2003,27230.57035
SGP,2004,33839.74766
SGP,2005,38621.21105
SGP,2006,46829.16706
SGP,2007,57658.48202
SGP,2008,67406.12001
SLE,1990,48.26824587
SLE,1991,61.58391272
SLE,1992,58.84302027
SLE,1993,64.03346462
SLE,1994,81.22111181
SLE,1995,89.66348958
SLE,1996,105.377639
SLE,1997,69.87528893
SLE,1998,60.09699751
SLE,1999,71.10783903
SLE,2000,79.67392126
SLE,2001,90.107755
SLE,2002,111.8788732
SLE,2003,121.7206557
SLE,2004,130.6972834
SLE,2005,145.7482593
SLE,2006,160.1887338
SLE,2007,182.6971115
SLE,2008,213.0837666
SLV,1990,302.4398317
SLV,1991,336.2881167
SLV,1992,378.2945936
SLV,1993,436.5722321
SLV,1994,505.9125353
SLV,1995,591.3577216
SLV,1996,631.1006476
SLV,1997,696.2450552
SLV,1998,779.7094552
SLV,1999,827.8744382
SLV,2000,889.5680152
SLV,2001,945.292724
SLV,2002,972.0805858
SLV,2003,1020.278998
SLV,2004,1113.372214
SLV,2005,1217.204368
SLV,2006,1378.880398
SLV,2007,1525.504314
SLV,2008,1660.066445
SMR,1990,86.72930947
SMR,1991,94.9520229
SMR,1992,101.5410842
SMR,1993,102.7737604
SMR,1994,115.4747047
SMR,1995,96.32805665
SMR,1996,121.1785951
SMR,1997,98.60885908
SMR,1998,83.80904933
SMR,1999,95.45334297
SMR,2000,88.88509237
SMR,2001,64.29379492
SMR,2002,75.53606609
SMR,2003,90.74358403
SMR,2004,101.5364174
SMR,2005,107.8977417
SMR,2006,121.8941925
SMR,2007,124.0290173
SMR,2008,150.9318311
SOM,1990,168.5929645
SOM,1991,160.6898374
SOM,1992,155.9144836
SOM,1993,167.2540159
SOM,1994,157.3095328
SOM,1995,154.5058722
SOM,1996,158.1105636
SOM,1997,160.7040473
SOM,1998,179.3186152
SOM,1999,176.4871635
SOM,2000,173.8192573
SOM,2001,147.7781303
SOM,2002,142.9869697
SOM,2003,168.680949
SOM,2004,205.6529759
SOM,2005,229.7326939
SOM,2006,249.0904366
SOM,2007,256.4317932
SOM,2008,265.1821191
STP,1990,10.08642071
STP,1991,9.779856559
STP,1992,9.898882739
STP,1993,10.77300657
STP,1994,10.35177574
STP,1995,10.3064776
STP,1996,12.32463836
STP,1997,10.14378005
STP,1998,6.850663316
STP,1999,8.10548116
STP,2000,9.60026259
STP,2001,7.601370737
STP,2002,8.01421896
STP,2003,10.14338428
STP,2004,12.66990988
STP,2005,15.2533589
STP,2006,19.78075247
STP,2007,21.70331423
STP,2008,28.55769292
SUR,1990,76.29523261
SUR,1991,72.89385914
SUR,1992,67.86803829
SUR,1993,108.4267439
SUR,1994,97.46369852
SUR,1995,101.5050142
SUR,1996,112.9272148
SUR,1997,109.9560617
SUR,1998,111.0219486
SUR,1999,104.3405604
SUR,2000,111.542622
SUR,2001,109.517202
SUR,2002,115.1099961
SUR,2003,141.5396855
SUR,2004,173.7470595
SUR,2005,202.6707685
SUR,2006,210.0478373
SUR,2007,244.5376171
SUR,2008,290.670591
SVK,1990,4002.914404
SVK,1991,2784.757644
SVK,1992,2514.054131
SVK,1993,2446.585687
SVK,1994,2671.956246
SVK,1995,3198.497749
SVK,1996,3892.645265
SVK,1997,3886.774052
SVK,1998,4063.11199
SVK,1999,3713.482418
SVK,2000,3802.877449
SVK,2001,4028.699556
SVK,2002,4568.124518
SVK,2003,5910.131895
SVK,2004,7455.320998
SVK,2005,8561.882722
SVK,2006,10311.21494
SVK,2007,13550.76599
SVK,2008,16527.07704
SVN,1990,1761.020951
SVN,1991,1410.13721
SVN,1992,1360.63453
SVN,1993,1383.226263
SVN,1994,1514.930807
SVN,1995,1942.296776
SVN,1996,1971.253067
SVN,1997,1957.615416
SVN,1998,2009.733972
SVN,1999,2021.73024
SVN,2000,1943.470414
SVN,2001,1960.58466
SVN,2002,2124.741655
SVN,2003,2724.688814
SVN,2004,3329.267894
SVN,2005,3644.740297
SVN,2006,4220.221532
SVN,2007,5144.690034
SVN,2008,5860.222138
SWE,1990,36171.79953
SWE,1991,36413.53707
SWE,1992,34700.55659
SWE,1993,26480.81057
SWE,1994,28863.15539
SWE,1995,37061.41174
SWE,1996,34593.06381
SWE,1997,32894.86442
SWE,1998,32232.24708
SWE,1999,33651.73593
SWE,2000,33184.33488
SWE,2001,30587.68684
SWE,2002,32997.77384
SWE,2003,41714.19303
SWE,2004,49491.97565
SWE,2005,51798.38993
SWE,2006,59832.88598
SWE,2007,70090.87591
SWE,2008,72248.33927
SWZ,1990,101.1368593
SWZ,1991,100.6416199
SWZ,1992,119.7790685
SWZ,1993,128.5774439
SWZ,1994,127.7628539
SWZ,1995,141.8565796
SWZ,1996,148.7831818
SWZ,1997,148.1719013
SWZ,1998,143.1961782
SWZ,1999,144.6923942
SWZ,2000,154.2544735
SWZ,2001,165.5160515
SWZ,2002,168.677205
SWZ,2003,195.8187028
SWZ,2004,266.0554078
SWZ,2005,305.6796285
SWZ,2006,341.1290487
SWZ,2007,387.2290826
SWZ,2008,431.403134
SYC,1990,67.02499634
SYC,1991,76.66384899
SYC,1992,88.60107799
SYC,1993,97.83919682
SYC,1994,116.9495146
SYC,1995,108.2510609
SYC,1996,113.9672932
SYC,1997,91.25914058
SYC,1998,89.41960369
SYC,1999,80.94995291
SYC,2000,84.17207405
SYC,2001,78.74390875
SYC,2002,85.19562925
SYC,2003,120.2062628
SYC,2004,131.1410538
SYC,2005,160.2408424
SYC,2006,183.2788932
SYC,2007,198.6068139
SYC,2008,203.1613208
SYR,1990,1424.726988
SYR,1991,1487.317242
SYR,1992,1357.349194
SYR,1993,1258.910748
SYR,1994,1242.631709
SYR,1995,1425.467314
SYR,1996,1541.378061
SYR,1997,1369.036651
SYR,1998,1427.31313
SYR,1999,1434.11086
SYR,2000,1446.305832
SYR,2001,1535.092135
SYR,2002,1656.781893
SYR,2003,1764.540638
SYR,2004,2105.359098
SYR,2005,2406.295502
SYR,2006,2653.325687
SYR,2007,3017.473033
SYR,2008,3783.666951
TCD,1990,130.3929817
TCD,1991,140.77307
TCD,1992,147.2740936
TCD,1993,131.566859
TCD,1994,104.0455231
TCD,1995,128.9760804
TCD,1996,137.5391173
TCD,1997,127.7466659
TCD,1998,143.232789
TCD,1999,127.5554911
TCD,2000,112.1644307
TCD,2001,135.8619727
TCD,2002,156.0243578
TCD,2003,206.305455
TCD,2004,304.9512898
TCD,2005,390.1491764
TCD,2006,435.1437878
TCD,2007,490.5280245
TCD,2008,577.5624673
TGO,1990,122.0814837
TGO,1991,118.0845112
TGO,1992,116.9498353
TGO,1993,98.43139469
TGO,1994,93.77059465
TGO,1995,113.9931757
TGO,1996,142.3170853
TGO,1997,135.2760256
TGO,1998,120.990728
TGO,1999,117.8919197
TGO,2000,121.5183934
TGO,2001,111.1595873
TGO,2002,121.1506627
TGO,2003,159.7732583
TGO,2004,202.9073777
TGO,2005,260.3876333
TGO,2006,307.2650554
TGO,2007,336.4159369
TGO,2008,420.5097074
THA,1990,9831.931738
THA,1991,12309.03224
THA,1992,13334.37063
THA,1993,13340.89263
THA,1994,14445.58242
THA,1995,16272.44909
THA,1996,20547.72643
THA,1997,16369.46374
THA,1998,11513.01747
THA,1999,13935.47587
THA,2000,15352.88684
THA,2001,15986.89457
THA,2002,17245.41342
THA,2003,21744.13787
THA,2004,27333.73883
THA,2005,31563.38811
THA,2006,38970.14164
THA,2007,42476.3278
THA,2008,52107.55001
TJK,1990,153.4136972
TJK,1991,143.7744656
TJK,1992,137.8322989
TJK,1993,134.4802022
TJK,1994,118.5342882
TJK,1995,150.8406442
TJK,1996,122.6542927
TJK,1997,137.1469741
TJK,1998,124.2628725
TJK,1999,110.0224795
TJK,2000,99.75667531
TJK,2001,100.8723735
TJK,2002,126.9909734
TJK,2003,157.6916833
TJK,2004,198.0779086
TJK,2005,217.2404407
TJK,2006,254.1707908
TJK,2007,300.2326764
TJK,2008,415.4509625
TKM,1990,299.0786685
TKM,1991,271.723087
TKM,1992,214.9331094
TKM,1993,166.399727
TKM,1994,323.3017606
TKM,1995,342.3112782
TKM,1996,335.7910207
TKM,1997,314.7471135
TKM,1998,300.4636245
TKM,1999,369.6065841
TKM,2000,387.8655419
TKM,2001,465.9298075
TKM,2002,465.5249734
TKM,2003,624.4420563
TKM,2004,785.1384845
TKM,2005,898.3494463
TKM,2006,921.6485945
TKM,2007,1230.64118
TKM,2008,1511.567722
TTO,1990,520.6935474
TTO,1991,542.1462499
TTO,1992,607.4794953
TTO,1993,614.0416361
TTO,1994,636.2560898
TTO,1995,748.1015071
TTO,1996,851.5845579
TTO,1997,1000.930535
TTO,1998,1043.029481
TTO,1999,960.861125
TTO,2000,1100.099294
TTO,2001,1121.998469
TTO,2002,1195.345407
TTO,2003,1391.358236
TTO,2004,1795.315311
TTO,2005,2164.127675
TTO,2006,2506.472154
TTO,2007,3185.308961
TTO,2008,4078.172536
TUN,1990,809.6330497
TUN,1991,839.9497094
TUN,1992,935.7148111
TUN,1993,978.5738221
TUN,1994,1093.859184
TUN,1995,1244.465765
TUN,1996,1321.085276
TUN,1997,1334.478466
TUN,1998,1437.797067
TUN,1999,1614.962526
TUN,2000,1713.78951
TUN,2001,1809.435659
TUN,2002,1836.610249
TUN,2003,2063.744935
TUN,2004,2439.766646
TUN,2005,2505.828863
TUN,2006,3017.381885
TUN,2007,3495.225897
TUN,2008,4057.698419
TUR,1990,25622.90336
TUR,1991,28056.80122
TUR,1992,26388.34566
TUR,1993,28749.20456
TUR,1994,22935.8579
TUR,1995,29094.25296
TUR,1996,36783.53286
TUR,1997,37803.84815
TUR,1998,38292.251
TUR,1999,34886.59758
TUR,2000,34420.74892
TUR,2001,26281.37354
TUR,2002,30361.6998
TUR,2003,39725.73834
TUR,2004,51989.28157
TUR,2005,60646.6678
TUR,2006,70868.26272
TUR,2007,83130.33395
TUR,2008,96065.4761
TWN,1990,20966.78156
TWN,1991,20457.7013
TWN,1992,22446.53256
TWN,1993,22396.79359
TWN,1994,22025.34651
TWN,1995,23786.16662
TWN,1996,23778.16919
TWN,1997,22904.10465
TWN,1998,23675.35125
TWN,1999,23780.91317
TWN,2000,22430.85418
TWN,2001,23384.99032
TWN,2002,23156.00086
TWN,2003,22557.54064
TWN,2004,25845.08654
TWN,2005,25712.36641
TWN,2006,26063.63596
TWN,2007,26208.94981
TWN,2008,26434.99382
TZA,1990,803.7491234
TZA,1991,804.1989926
TZA,1992,803.9949435
TZA,1993,802.328177
TZA,1994,803.3505579
TZA,1995,792.7895575
TZA,1996,775.9669021
TZA,1997,757.7688138
TZA,1998,770.0767578
TZA,1999,772.1309001
TZA,2000,765.3793219
TZA,2001,779.2066838
TZA,2002,780.5781576
TZA,2003,819.1732826
TZA,2004,826.7604957
TZA,2005,826.2735285
TZA,2006,835.1986517
TZA,2007,835.0423589
TZA,2008,836.3082703
UGA,1990,228.1310622
UGA,1991,245.2337512
UGA,1992,262.3851468
UGA,1993,267.766839
UGA,1994,357.4926252
UGA,1995,421.2235587
UGA,1996,465.7615926
UGA,1997,446.8114174
UGA,1998,450.9933537
UGA,1999,436.7905494
UGA,2000,467.676026
UGA,2001,497.3522604
UGA,2002,494.5730833
UGA,2003,520.0186952
UGA,2004,671.9165045
UGA,2005,845.7645796
UGA,2006,1022.248295
UGA,2007,1237.275276
UGA,2008,1607.005429
UKR,1990,6518.050398
UKR,1991,9475.542453
UKR,1992,4656.214226
UKR,1993,5609.166276
UKR,1994,5457.68812
UKR,1995,5472.903602
UKR,1996,5568.655783
UKR,1997,5867.472704
UKR,1998,4459.490323
UKR,1999,3402.472126
UKR,2000,3349.246207
UKR,2001,4232.948292
UKR,2002,4971.555694
UKR,2003,8848.057357
UKR,2004,11856.60633
UKR,2005,15258.71057
UKR,2006,18857.85247
UKR,2007,23825.31566
UKR,2008,24882.67346
URY,1990,1077.839324
URY,1991,1237.984685
URY,1992,1484.807796
URY,1993,1671.596562
URY,1994,1892.156632
URY,1995,2011.573617
URY,1996,2124.458945
URY,1997,2252.925548
URY,1998,2367.895878
URY,1999,2244.464881
URY,2000,2222.602379
URY,2001,2064.712869
URY,2002,1519.440264
URY,2003,1466.525574
URY,2004,1696.111945
URY,2005,1996.723246
URY,2006,2274.224229
URY,2007,2587.838678
URY,2008,3263.885485
USA,1990,299432.5564
USA,1991,297852.4975
USA,1992,323480.8556
USA,1993,309060.6179
USA,1994,364759.4989
USA,1995,415358.8225
USA,1996,455158.5279
USA,1997,475902.3947
USA,1998,500120.8951
USA,1999,536848.6832
USA,2000,548342.4282
USA,2001,565954.6688
USA,2002,589383.4645
USA,2003,622129.2346
USA,2004,687370.7977
USA,2005,756684.3597
USA,2006,798539.7351
USA,2007,860875.0418
USA,2008,883221.1742
UZB,1990,1486.282223
UZB,1991,1378.32116
UZB,1992,958.8395908
UZB,1993,1092.926094
UZB,1994,1089.955931
UZB,1995,1072.107098
UZB,1996,1166.88434
UZB,1997,1315.894079
UZB,1998,1247.527796
UZB,1999,1426.126369
UZB,2000,1170.4973
UZB,2001,783.4673672
UZB,2002,827.5566896
UZB,2003,856.7713021
UZB,2004,1023.366268
UZB,2005,1204.396235
UZB,2006,1554.419253
UZB,2007,2053.465094
UZB,2008,2614.977652
VEN,1990,5790.296784
VEN,1991,6866.263653
VEN,1992,7914.964053
VEN,1993,7714.935922
VEN,1994,7585.313401
VEN,1995,9304.584287
VEN,1996,8813.654302
VEN,1997,10754.12916
VEN,1998,10910.10786
VEN,1999,10733.9964
VEN,2000,12051.85299
VEN,2001,12924.77071
VEN,2002,10695.34851
VEN,2003,10449.75569
VEN,2004,14094.85914
VEN,2005,17785.92223
VEN,2006,21984.69085
VEN,2007,28406.07361
VEN,2008,35821.47961
VGB,1990,16.39187315
VGB,1991,14.33782765
VGB,1992,18.24457818
VGB,1993,23.15691423
VGB,1994,28.87604364
VGB,1995,36.59424458
VGB,1996,40.64251799
VGB,1997,43.91396267
VGB,1998,47.8382574
VGB,1999,51.81891906
VGB,2000,58.70731099
VGB,2001,65.0289567
VGB,2002,64.05067811
VGB,2003,60.24707005
VGB,2004,66.64640842
VGB,2005,78.02384065
VGB,2006,87.61331639
VGB,2007,96.96543665
VGB,2008,98.7843054
VNM,1990,849.2496792
VNM,1991,641.23347
VNM,1992,733.5950832
VNM,1993,852.3538102
VNM,1994,1016.445129
VNM,1995,1165.840158
VNM,1996,1405.875515
VNM,1997,1163.440237
VNM,1998,1193.634985
VNM,1999,1260.150834
VNM,2000,1400.310549
VNM,2001,1245.558911
VNM,2002,1278.812717
VNM,2003,1475.114146
VNM,2004,1857.403695
VNM,2005,2305.233849
VNM,2006,2613.096531
VNM,2007,6370.629498
VNM,2008,7444.672959
VUT,1990,31.53108496
VUT,1991,32.45409474
VUT,1992,32.43457304
VUT,1993,32.48411168
VUT,1994,38.03337274
VUT,1995,41.80432677
VUT,1996,42.78099715
VUT,1997,38.10084731
VUT,1998,31.06936116
VUT,1999,34.39303704
VUT,2000,34.17130677
VUT,2001,33.48004624
VUT,2002,35.35806229
VUT,2003,43.82619283
VUT,2004,55.40592171
VUT,2005,62.87847484
VUT,2006,71.36121566
VUT,2007,83.89692703
VUT,2008,99.19347762
WSM,1990,13.77083677
WSM,1991,13.85335523
WSM,1992,14.90549634
WSM,1993,14.40747796
WSM,1994,16.93242821
WSM,1995,18.41041131
WSM,1996,20.95994075
WSM,1997,21.14981237
WSM,1998,18.72722609
WSM,1999,21.07120154
WSM,2000,24.04354341
WSM,2001,23.21279563
WSM,2002,24.50633373
WSM,2003,28.2438456
WSM,2004,37.09895488
WSM,2005,46.20397868
WSM,2006,51.14282819
WSM,2007,59.86616353
WSM,2008,68.55464072
YEM,1990,898.6850184
YEM,1991,967.3893154
YEM,1992,1043.935871
YEM,1993,1230.682125
YEM,1994,1262.590819
YEM,1995,573.0046258
YEM,1996,521.8661215
YEM,1997,520.1426787
YEM,1998,494.957264
YEM,1999,586.3312273
YEM,2000,727.6272292
YEM,2001,770.467826
YEM,2002,850.9227579
YEM,2003,989.1455094
YEM,2004,1204.801782
YEM,2005,1475.406987
YEM,2006,1824.082828
YEM,2007,2057.024854
YEM,2008,2441.486081
ZAF,1990,8990.483606
ZAF,1991,9547.430637
ZAF,1992,10491.70528
ZAF,1993,10104.93632
ZAF,1994,11167.73753
ZAF,1995,13041.82811
ZAF,1996,12963.07518
ZAF,1997,13427.193
ZAF,1998,12343.43831
ZAF,1999,12431.73516
ZAF,2000,13386.47783
ZAF,2001,12598.62637
ZAF,2002,12544.11924
ZAF,2003,17480.83831
ZAF,2004,22444.86584
ZAF,2005,25203.40141
ZAF,2006,28221.02818
ZAF,2007,32173.7078
ZAF,2008,32980.01028
ZMB,1990,332.3715451
ZMB,1991,297.5009661
ZMB,1992,305.1760048
ZMB,1993,294.0957336
ZMB,1994,311.6431865
ZMB,1995,322.1211666
ZMB,1996,305.4326598
ZMB,1997,347.0141793
ZMB,1998,293.0003508
ZMB,1999,284.2003665
ZMB,2000,281.5311196
ZMB,2001,313.8659891
ZMB,2002,316.1574001
ZMB,2003,369.8434114
ZMB,2004,487.9525333
ZMB,2005,640.5287899
ZMB,2006,969.9900268
ZMB,2007,1046.804559
ZMB,2008,1322.619682
ZWE,1990,392.906141
ZWE,1991,423.2346498
ZWE,1992,443.4788764
ZWE,1993,420.293871
ZWE,1994,445.2533384
ZWE,1995,500.4918611
ZWE,1996,476.7966165
ZWE,1997,527.0086587
ZWE,1998,417.17826
ZWE,1999,492.3083388
ZWE,2000,673.5739838
ZWE,2001,630.2594159
ZWE,2002,679.0563591
ZWE,2003,772.8492122
ZWE,2004,974.9832369
ZWE,2005,1107.26937
ZWE,2006,1243.581928
ZWE,2007,1543.341194
ZWE,2008,1818.125917
